Customer_ID,Age,Income,Loan_Amount,Credit_Score,Loan_Term,Default_Status
CUST00001,59,162972,46792,685,24,No
CUST00002,49,145992,85210,765,72,No
CUST00003,35,98059,55613,688,48,No
CUST00004,63,19881,38927,674,60,No
CUST00005,28,150702,5386,691,36,No
CUST00006,41,38789,97153,651,24,Yes
CUST00007,59,144083,77728,695,36,No
CUST00008,39,106059,81281,650,36,No
CUST00009,43,64151,35020,613,36,No
CUST00010,31,127388,47678,674,36,No
CUST00011,31,21262,91695,673,36,No
CUST00012,44,84981,66394,821,36,No
CUST00013,56,138951,73945,620,72,No
CUST00014,60,141099,61414,668,36,No
CUST00015,44,99972,59816,661,48,Yes
CUST00016,23,93485,60918,646,36,Yes
CUST00017,42,72722,96281,718,36,No
CUST00018,22,107499,67694,848,24,No
CUST00019,44,179004,34455,656,48,No
CUST00020,64,24901,43735,719,36,No
CUST00021,50,135473,99702,537,12,No
CUST00022,58,26597,98608,650,60,Yes
CUST00023,22,147631,17109,797,24,No
CUST00024,41,81909,50802,676,36,No
CUST00025,53,90391,73020,718,36,No
CUST00026,32,157335,39622,633,36,No
CUST00027,42,81293,7597,699,48,No
CUST00028,64,174877,45597,802,48,No
CUST00029,45,29874,45954,593,36,No
CUST00030,47,104402,74519,844,12,No
CUST00031,62,32079,61115,564,60,No
CUST00032,48,90779,48151,644,36,No
CUST00033,36,113408,22040,617,60,No
CUST00034,35,158090,49772,660,36,No
CUST00035,64,138606,68832,616,48,No
CUST00036,23,138062,32916,611,60,Yes
CUST00037,57,30100,49871,591,48,No
CUST00038,27,75021,31372,728,36,No
CUST00039,41,168872,66707,662,48,Yes
CUST00040,29,146126,44080,643,48,No
CUST00041,59,110446,47722,701,48,No
CUST00042,38,47437,34048,568,24,No
CUST00043,24,169014,90205,703,48,Yes
CUST00044,45,38862,14777,673,24,No
CUST00045,34,29669,59711,675,12,Yes
CUST00046,29,139219,41331,719,48,No
CUST00047,46,33916,25968,803,24,No
CUST00048,22,28878,58969,704,60,No
CUST00049,40,20985,16292,665,60,Yes
CUST00050,48,59235,45794,591,60,Yes
CUST00051,27,36931,84459,501,48,Yes
CUST00052,64,110876,55192,690,36,No
CUST00053,28,18336,32703,586,36,No
CUST00054,55,60933,89193,489,36,Yes
CUST00055,34,63536,74165,654,24,Yes
CUST00056,37,87504,72650,698,36,No
CUST00057,56,117214,61516,736,48,No
CUST00058,60,131936,96110,760,24,No
CUST00059,24,34279,27257,746,36,No
CUST00060,22,121751,88509,748,60,Yes
CUST00061,26,122433,96273,570,24,Yes
CUST00062,62,89386,56672,669,36,No
CUST00063,24,104124,68308,723,12,Yes
CUST00064,49,123750,82583,683,48,No
CUST00065,38,95485,27113,668,48,No
CUST00066,46,92055,5694,682,48,No
CUST00067,64,109911,20588,698,24,No
CUST00068,54,116618,66756,674,48,No
CUST00069,30,131892,69085,617,48,No
CUST00070,56,89128,66142,552,36,Yes
CUST00071,34,167180,69373,665,36,No
CUST00072,51,70495,90603,684,48,Yes
CUST00073,35,100806,11704,683,36,No
CUST00074,28,111185,45136,751,48,No
CUST00075,34,67649,72507,765,24,No
CUST00076,43,113402,52361,672,48,Yes
CUST00077,60,48676,63847,673,36,No
CUST00078,41,82093,16441,723,36,No
CUST00079,36,97414,19677,712,36,No
CUST00080,65,111095,32818,647,60,Yes
CUST00081,38,90307,6868,729,60,No
CUST00082,44,113432,88591,669,48,No
CUST00083,46,49923,72264,671,48,No
CUST00084,45,135449,78168,713,12,No
CUST00085,65,65574,17043,657,60,No
CUST00086,61,139757,76939,687,36,No
CUST00087,49,71664,20732,702,36,No
CUST00088,35,85384,60244,741,24,Yes
CUST00089,65,49027,23526,736,12,No
CUST00090,21,52485,14340,700,12,Yes
CUST00091,45,168528,27394,484,24,No
CUST00092,27,53554,9102,698,12,No
CUST00093,29,64922,24159,710,60,No
CUST00094,44,31409,70092,725,36,No
CUST00095,21,54639,11212,608,36,No
CUST00096,64,37692,42405,521,60,Yes
CUST00097,28,107037,82061,740,24,Yes
CUST00098,44,36074,99296,588,60,Yes
CUST00099,31,164621,60186,772,48,No
CUST00100,37,47963,49239,637,36,No
CUST00101,28,70265,97993,603,24,No
CUST00102,55,34061,15532,706,24,No
CUST00103,55,177882,84054,726,36,No
CUST00104,53,131502,77012,722,24,Yes
CUST00105,25,40800,90279,718,36,No
CUST00106,62,134192,71540,627,12,Yes
CUST00107,59,125228,8271,565,48,No
CUST00108,61,46054,50482,651,24,No
CUST00109,48,31233,5209,594,60,No
CUST00110,27,174140,95999,712,24,No
CUST00111,29,83727,10539,746,60,No
CUST00112,28,108610,24977,693,24,No
CUST00113,32,88453,79142,680,48,No
CUST00114,54,122135,73684,657,36,Yes
CUST00115,53,174904,10607,754,48,No
CUST00116,43,126464,90122,543,12,Yes
CUST00117,44,31682,99786,590,36,Yes
CUST00118,57,172455,56939,817,24,No
CUST00119,55,76160,23594,586,36,Yes
CUST00120,64,41666,63382,720,24,Yes
CUST00121,60,76817,12399,735,36,Yes
CUST00122,42,109198,30117,536,24,Yes
CUST00123,47,59830,38617,550,24,Yes
CUST00124,55,28234,12498,775,48,No
CUST00125,21,75616,55624,607,72,Yes
CUST00126,55,27221,14628,609,36,No
CUST00127,57,160482,5329,641,48,No
CUST00128,34,19051,43619,607,48,No
CUST00129,23,128529,12032,719,36,No
CUST00130,21,94918,53094,591,12,Yes
CUST00131,25,96116,43034,533,24,No
CUST00132,46,140226,91158,767,60,No
CUST00133,34,62757,60264,595,36,No
CUST00134,59,139008,99120,624,48,Yes
CUST00135,47,149379,52850,742,36,No
CUST00136,29,74889,9722,685,36,No
CUST00137,35,53944,22772,763,36,No
CUST00138,35,117555,91105,743,48,No
CUST00139,46,56134,46679,646,24,No
CUST00140,62,176395,73771,757,36,No
CUST00141,33,43954,9576,693,36,No
CUST00142,52,107959,31707,635,72,No
CUST00143,59,22992,46632,702,36,Yes
CUST00144,52,19961,46476,582,48,No
CUST00145,24,30497,35285,743,24,Yes
CUST00146,50,31255,29154,733,12,No
CUST00147,57,153639,25054,689,60,No
CUST00148,43,66847,22165,536,60,No
CUST00149,59,38389,19439,767,36,No
CUST00150,65,141802,49518,713,36,No
CUST00151,35,79576,93051,678,24,No
CUST00152,63,61919,31962,666,48,No
CUST00153,49,21358,58934,640,12,No
CUST00154,56,106535,42763,654,60,No
CUST00155,33,123982,69094,738,48,No
CUST00156,52,23698,24464,641,36,No
CUST00157,27,84809,47036,659,60,No
CUST00158,42,111079,38270,670,72,No
CUST00159,48,73805,47299,672,36,No
CUST00160,22,93033,90805,634,60,Yes
CUST00161,62,116239,36541,667,60,Yes
CUST00162,65,148407,78545,706,60,No
CUST00163,26,62041,87543,612,72,Yes
CUST00164,48,49954,96998,668,36,No
CUST00165,48,26002,82078,825,48,No
CUST00166,64,87783,87970,675,60,No
CUST00167,64,125524,34765,610,36,No
CUST00168,40,142857,28769,601,36,No
CUST00169,50,37738,93001,585,36,Yes
CUST00170,31,28703,92404,802,60,No
CUST00171,48,131776,25156,756,48,No
CUST00172,45,161464,90836,583,36,No
CUST00173,59,62724,55481,696,36,Yes
CUST00174,53,50299,18435,772,12,No
CUST00175,21,33641,74650,677,12,Yes
CUST00176,47,97534,51336,643,36,No
CUST00177,33,24305,41135,848,36,No
CUST00178,61,36782,78631,537,60,Yes
CUST00179,23,96257,42909,850,48,No
CUST00180,59,95963,74487,684,60,No
CUST00181,26,139987,26468,777,24,No
CUST00182,28,169638,97609,590,72,Yes
CUST00183,47,142591,52655,626,36,Yes
CUST00184,29,85766,39341,599,48,No
CUST00185,57,24511,69182,672,36,Yes
CUST00186,53,132816,56786,703,36,No
CUST00187,62,175249,73304,760,24,No
CUST00188,64,22765,51514,552,24,Yes
CUST00189,44,169426,38979,692,48,No
CUST00190,35,41929,95887,747,36,No
CUST00191,52,177892,85981,761,72,No
CUST00192,52,129576,60107,647,36,No
CUST00193,44,178595,6160,648,72,Yes
CUST00194,61,89088,92897,673,24,No
CUST00195,32,95525,77577,694,24,Yes
CUST00196,59,31780,89303,778,36,No
CUST00197,22,24589,15846,589,60,No
CUST00198,23,111664,24924,621,36,No
CUST00199,57,122188,18882,580,24,No
CUST00200,37,111326,85274,712,24,No
CUST00201,22,58953,91555,763,36,No
CUST00202,22,83785,6095,573,48,No
CUST00203,48,37309,45983,687,36,No
CUST00204,43,72195,19123,757,60,Yes
CUST00205,57,43901,98668,739,48,No
CUST00206,52,172648,71615,738,60,Yes
CUST00207,53,43464,50278,591,36,No
CUST00208,21,34260,95290,738,36,No
CUST00209,39,142997,56999,666,72,No
CUST00210,22,53440,36153,760,36,No
CUST00211,64,113082,23344,714,36,No
CUST00212,46,123583,42656,619,60,No
CUST00213,52,74683,75515,701,24,No
CUST00214,26,142206,6212,741,36,No
CUST00215,52,151059,14001,642,24,No
CUST00216,24,174177,83784,690,24,No
CUST00217,31,96484,86144,580,12,Yes
CUST00218,37,162098,41427,721,12,No
CUST00219,58,86309,36368,676,36,No
CUST00220,44,63927,75819,749,60,Yes
CUST00221,25,60946,66160,719,48,No
CUST00222,54,144503,30854,649,48,No
CUST00223,26,159449,15715,617,36,No
CUST00224,42,71592,86701,599,60,No
CUST00225,31,156419,63784,642,60,Yes
CUST00226,36,51776,31797,747,60,No
CUST00227,53,152855,52573,548,60,No
CUST00228,29,73798,81120,602,24,No
CUST00229,26,153370,19780,744,48,No
CUST00230,36,88204,42905,780,48,No
CUST00231,49,104207,26573,606,36,No
CUST00232,23,118356,38359,601,36,No
CUST00233,40,78652,71062,786,24,No
CUST00234,56,147572,78391,671,24,No
CUST00235,39,38922,48463,613,60,Yes
CUST00236,46,169388,21571,758,48,No
CUST00237,23,94996,24142,718,36,No
CUST00238,39,166040,30104,735,36,No
CUST00239,40,48266,13625,617,48,No
CUST00240,52,173072,44199,708,36,No
CUST00241,27,163083,20926,773,36,No
CUST00242,61,20866,36218,728,12,No
CUST00243,53,130669,49472,749,24,No
CUST00244,60,23898,96916,785,36,Yes
CUST00245,59,36395,25566,712,48,No
CUST00246,38,22006,61125,638,12,No
CUST00247,60,28956,38205,746,36,No
CUST00248,21,155150,34717,597,48,Yes
CUST00249,31,178703,54984,663,60,No
CUST00250,48,113676,30135,724,24,No
CUST00251,45,139724,33164,439,60,Yes
CUST00252,43,80901,79489,699,72,Yes
CUST00253,51,125227,43562,702,60,No
CUST00254,50,135192,74110,595,60,No
CUST00255,62,49417,25169,704,48,No
CUST00256,55,106020,64858,694,36,No
CUST00257,27,101639,26604,683,48,No
CUST00258,36,112881,94670,769,48,No
CUST00259,46,150659,93738,746,36,No
CUST00260,22,139688,5684,728,36,No
CUST00261,21,133584,13007,603,48,No
CUST00262,32,104567,46787,679,72,No
CUST00263,25,93886,54582,769,36,No
CUST00264,57,167888,79791,664,36,No
CUST00265,52,47432,88629,797,48,No
CUST00266,29,90373,10782,730,24,No
CUST00267,61,38884,71770,808,48,No
CUST00268,55,23454,62645,600,24,Yes
CUST00269,39,92960,36996,668,36,No
CUST00270,36,120421,34204,675,48,No
CUST00271,23,61618,22152,725,12,No
CUST00272,40,65111,60186,625,24,No
CUST00273,44,138592,95555,559,36,Yes
CUST00274,53,77993,90024,708,36,Yes
CUST00275,44,146652,24689,653,48,No
CUST00276,31,157920,55690,645,36,No
CUST00277,28,96672,99042,628,36,No
CUST00278,56,84125,88251,689,36,No
CUST00279,58,135509,62320,599,12,No
CUST00280,60,79602,69226,665,60,No
CUST00281,40,60222,61091,618,12,No
CUST00282,55,67223,84301,634,60,No
CUST00283,45,83333,26942,707,48,No
CUST00284,55,140650,43712,729,36,No
CUST00285,45,67420,70277,657,48,No
CUST00286,49,93504,54632,753,60,No
CUST00287,38,20462,43031,607,60,Yes
CUST00288,38,27460,25478,566,48,Yes
CUST00289,22,117319,27551,580,24,No
CUST00290,55,158347,53068,599,60,No
CUST00291,36,162341,98608,582,12,No
CUST00292,61,147593,40561,832,60,No
CUST00293,56,140672,7892,564,48,No
CUST00294,53,90920,29395,750,60,No
CUST00295,24,40553,23756,678,60,No
CUST00296,53,173438,92710,697,12,No
CUST00297,34,62036,39651,612,48,No
CUST00298,41,166441,71333,704,24,No
CUST00299,40,160867,78745,611,12,Yes
CUST00300,28,88021,54306,749,36,No
CUST00301,27,125205,26346,755,24,No
CUST00302,23,179215,33024,670,48,No
CUST00303,37,178497,99950,675,72,No
CUST00304,53,106209,45818,712,48,No
CUST00305,32,93139,10947,709,36,No
CUST00306,42,23368,80153,757,60,No
CUST00307,42,153693,91240,755,60,No
CUST00308,50,76829,99238,678,60,Yes
CUST00309,58,147036,72428,644,48,Yes
CUST00310,58,32719,34754,741,60,No
CUST00311,65,47227,68355,668,24,No
CUST00312,28,127430,63241,689,60,Yes
CUST00313,47,156638,73960,720,60,Yes
CUST00314,47,30306,18418,753,60,No
CUST00315,54,71822,93593,700,36,No
CUST00316,41,42042,60184,636,60,No
CUST00317,50,164158,9833,815,36,No
CUST00318,53,166459,80430,795,48,No
CUST00319,48,176114,46833,604,60,No
CUST00320,53,107424,5565,612,12,No
CUST00321,25,167395,45180,621,36,Yes
CUST00322,39,36019,23402,744,60,No
CUST00323,24,93426,47845,818,60,No
CUST00324,55,58863,80851,642,60,Yes
CUST00325,37,129023,17834,693,24,No
CUST00326,64,159355,72850,624,48,No
CUST00327,48,167351,42180,808,24,No
CUST00328,50,64999,8883,742,60,Yes
CUST00329,49,80780,80587,618,36,Yes
CUST00330,26,40908,16695,522,60,No
CUST00331,55,144278,28123,758,36,No
CUST00332,61,131002,63481,637,72,Yes
CUST00333,57,118706,78438,743,48,Yes
CUST00334,44,140019,22573,702,48,No
CUST00335,49,127708,99910,542,36,No
CUST00336,51,27343,61494,619,60,No
CUST00337,55,94173,17288,653,36,No
CUST00338,53,118260,51978,629,12,No
CUST00339,41,178206,77420,689,48,No
CUST00340,52,87443,81095,710,60,No
CUST00341,43,75530,59672,814,36,No
CUST00342,53,153899,66821,715,24,No
CUST00343,23,114143,88661,792,48,No
CUST00344,38,162771,74224,644,60,No
CUST00345,45,132527,94405,767,36,No
CUST00346,62,154385,59796,651,60,Yes
CUST00347,51,162670,49706,611,60,Yes
CUST00348,23,129362,9023,608,24,No
CUST00349,60,46807,87636,482,36,Yes
CUST00350,44,77550,41735,744,48,No
CUST00351,52,21558,77959,583,72,Yes
CUST00352,42,68113,44218,786,48,No
CUST00353,43,70999,17213,667,36,No
CUST00354,22,76219,33460,563,24,Yes
CUST00355,47,71218,69680,596,36,Yes
CUST00356,62,37229,36017,694,48,No
CUST00357,22,93209,97038,539,36,Yes
CUST00358,46,45877,35990,724,36,No
CUST00359,37,115137,24515,566,24,Yes
CUST00360,60,56084,34991,625,36,No
CUST00361,53,99780,12634,695,24,No
CUST00362,29,165878,82034,715,12,Yes
CUST00363,63,55034,81452,740,60,No
CUST00364,59,73468,34377,582,24,Yes
CUST00365,49,168166,38001,657,48,No
CUST00366,62,28589,6391,762,24,No
CUST00367,46,75221,70206,657,36,No
CUST00368,55,19657,47215,702,36,No
CUST00369,45,116300,84720,692,24,No
CUST00370,44,135229,32114,778,12,No
CUST00371,33,57531,16882,645,60,No
CUST00372,27,70227,22273,576,12,No
CUST00373,56,21164,50647,607,12,No
CUST00374,65,111078,87665,694,60,No
CUST00375,40,59247,69892,562,36,No
CUST00376,21,168673,47679,639,48,No
CUST00377,28,68599,5427,686,24,No
CUST00378,36,153624,71267,623,36,No
CUST00379,34,158489,5799,705,48,No
CUST00380,32,86207,60659,734,72,No
CUST00381,43,90055,99409,714,12,Yes
CUST00382,35,120266,12025,564,36,No
CUST00383,48,96270,19481,686,12,No
CUST00384,54,129426,30411,692,24,No
CUST00385,22,152794,19961,651,60,No
CUST00386,52,88442,26767,703,24,No
CUST00387,43,113632,56690,701,60,Yes
CUST00388,42,39438,57870,673,24,No
CUST00389,45,76819,41135,605,60,No
CUST00390,42,61856,69514,678,48,No
CUST00391,42,59938,91928,820,60,Yes
CUST00392,62,77807,83798,651,24,No
CUST00393,26,67877,75765,759,60,No
CUST00394,35,61461,28772,683,48,Yes
CUST00395,63,111474,23799,620,48,No
CUST00396,57,101136,28555,658,60,No
CUST00397,53,38435,97152,679,48,No
CUST00398,28,163263,24333,729,60,Yes
CUST00399,64,102726,9261,850,36,No
CUST00400,64,176458,74002,684,48,No
CUST00401,25,72786,51553,588,60,Yes
CUST00402,59,31704,8088,556,24,No
CUST00403,24,74635,50783,648,36,No
CUST00404,26,151195,6115,595,72,No
CUST00405,65,108710,75114,722,36,No
CUST00406,52,80993,73126,722,36,No
CUST00407,50,130752,77908,669,36,No
CUST00408,55,174488,74109,729,60,No
CUST00409,60,150886,7978,685,72,No
CUST00410,36,96537,14422,820,72,No
CUST00411,33,68258,48626,727,48,No
CUST00412,62,165580,94233,747,36,No
CUST00413,50,103166,61174,571,24,No
CUST00414,39,131710,42743,592,24,No
CUST00415,37,53699,75461,716,12,No
CUST00416,39,64335,62199,564,12,No
CUST00417,48,64806,34430,633,60,Yes
CUST00418,46,95853,33834,768,60,No
CUST00419,57,53739,29435,632,48,No
CUST00420,46,52785,92212,589,72,No
CUST00421,43,103016,60797,730,72,Yes
CUST00422,29,150681,48554,836,48,No
CUST00423,32,84253,59555,619,36,No
CUST00424,21,109128,90350,772,24,Yes
CUST00425,21,177213,19716,610,36,No
CUST00426,54,179081,65261,672,24,No
CUST00427,52,145581,32528,675,36,No
CUST00428,45,128966,6995,621,60,No
CUST00429,60,155854,27414,746,36,No
CUST00430,65,117352,18844,565,24,No
CUST00431,21,175005,41659,695,48,No
CUST00432,36,95154,20522,761,48,No
CUST00433,59,157379,79034,739,24,Yes
CUST00434,25,126297,47322,717,24,No
CUST00435,42,56346,72638,799,72,No
CUST00436,49,130138,13524,664,36,No
CUST00437,23,68772,35846,566,60,No
CUST00438,32,58149,78643,690,36,Yes
CUST00439,46,104700,65096,671,36,No
CUST00440,36,176598,88804,521,36,Yes
CUST00441,57,114758,52703,596,60,No
CUST00442,42,146447,29399,586,60,No
CUST00443,49,23695,80160,619,36,No
CUST00444,34,57169,97662,654,24,Yes
CUST00445,48,65947,93667,657,24,No
CUST00446,25,63865,53591,622,60,No
CUST00447,50,174625,25714,586,36,No
CUST00448,25,122501,40877,708,24,No
CUST00449,32,78410,89106,689,36,Yes
CUST00450,36,121754,83018,691,36,No
CUST00451,46,108895,64136,813,60,No
CUST00452,46,173888,38414,692,48,No
CUST00453,41,68705,91576,653,24,Yes
CUST00454,59,133700,83943,672,24,No
CUST00455,56,91914,50468,687,36,No
CUST00456,53,19881,84702,726,12,No
CUST00457,50,65365,77108,677,60,No
CUST00458,57,97211,97508,534,36,Yes
CUST00459,43,174078,51835,647,36,No
CUST00460,30,59198,68333,680,36,No
CUST00461,25,171903,47464,778,48,No
CUST00462,56,118649,27923,621,48,No
CUST00463,54,165531,66855,557,60,No
CUST00464,51,154949,72445,685,48,No
CUST00465,30,57553,72619,745,60,No
CUST00466,39,153994,51146,650,48,No
CUST00467,52,140778,65032,850,24,No
CUST00468,21,135018,22140,841,12,No
CUST00469,25,153758,7670,675,60,Yes
CUST00470,65,50766,41519,694,60,No
CUST00471,24,50006,49512,783,48,Yes
CUST00472,36,49422,62811,673,48,Yes
CUST00473,44,134590,19691,620,36,No
CUST00474,36,30205,39262,747,48,No
CUST00475,22,172599,59892,715,72,No
CUST00476,48,167515,30595,619,60,No
CUST00477,52,165596,62207,701,36,No
CUST00478,47,134477,38440,668,36,No
CUST00479,40,46202,13630,651,36,No
CUST00480,44,79692,36250,621,36,No
CUST00481,32,38855,99334,689,36,Yes
CUST00482,55,43095,82518,660,48,No
CUST00483,53,67241,79191,701,12,No
CUST00484,53,121119,69791,741,60,No
CUST00485,63,70003,89118,697,60,Yes
CUST00486,57,112837,68753,699,60,No
CUST00487,32,112283,65520,639,60,No
CUST00488,23,165044,9008,768,48,No
CUST00489,21,141805,49464,616,60,No
CUST00490,53,111846,5496,559,36,No
CUST00491,60,40927,28212,600,72,No
CUST00492,30,138589,25637,758,24,No
CUST00493,63,133657,50227,714,60,No
CUST00494,64,84630,87413,778,36,No
CUST00495,49,122428,88346,581,24,No
CUST00496,33,140035,14884,850,36,No
CUST00497,32,144244,73259,659,48,Yes
CUST00498,51,87518,54810,548,36,No
CUST00499,22,99326,9761,845,48,No
CUST00500,55,161277,78166,582,60,Yes
CUST00501,43,138243,21375,650,36,No
CUST00502,37,30748,30218,665,48,No
CUST00503,46,170169,35565,713,36,No
CUST00504,28,152164,37975,621,36,No
CUST00505,49,71311,32073,758,48,No
CUST00506,46,40692,74726,737,36,No
CUST00507,30,142954,6883,681,72,No
CUST00508,46,172934,73422,779,48,No
CUST00509,54,148035,54629,675,60,No
CUST00510,61,97507,69170,659,48,No
CUST00511,27,98152,79489,830,60,No
CUST00512,24,22926,13381,702,24,No
CUST00513,65,21969,28238,606,24,No
CUST00514,31,53733,18795,616,36,No
CUST00515,49,87855,67999,681,60,Yes
CUST00516,56,59743,54907,500,24,No
CUST00517,45,148193,14638,633,72,No
CUST00518,41,125445,75467,672,24,Yes
CUST00519,56,38323,47623,667,24,Yes
CUST00520,30,34428,43492,586,24,No
CUST00521,57,52578,31411,646,48,No
CUST00522,29,104486,25534,768,60,No
CUST00523,44,82140,34181,753,36,Yes
CUST00524,55,125325,24996,687,48,Yes
CUST00525,55,101829,77089,675,24,No
CUST00526,56,24364,88609,668,48,Yes
CUST00527,38,146867,77666,698,24,No
CUST00528,59,149763,34405,688,36,No
CUST00529,52,113598,76325,704,48,No
CUST00530,44,75062,33930,718,48,No
CUST00531,43,162933,22529,589,24,No
CUST00532,52,106302,58546,657,24,No
CUST00533,57,81928,12942,695,48,Yes
CUST00534,32,59347,12548,608,60,No
CUST00535,33,21121,23296,629,60,Yes
CUST00536,43,101793,56016,664,60,Yes
CUST00537,45,46164,5296,667,72,No
CUST00538,55,43491,72945,696,36,No
CUST00539,61,77222,64980,616,36,No
CUST00540,50,172237,61782,753,12,No
CUST00541,37,21748,39229,667,36,No
CUST00542,40,44553,58444,691,48,Yes
CUST00543,45,134547,40036,652,60,No
CUST00544,42,78380,44322,698,36,No
CUST00545,33,62331,32167,805,36,Yes
CUST00546,39,138617,56667,652,48,No
CUST00547,56,57560,99527,639,48,Yes
CUST00548,32,71865,88337,618,36,No
CUST00549,61,93910,56468,676,60,No
CUST00550,39,153747,77894,675,24,No
CUST00551,32,95986,58084,684,60,Yes
CUST00552,29,28068,68138,715,72,No
CUST00553,27,72460,27588,706,36,No
CUST00554,48,118766,67901,678,36,Yes
CUST00555,34,64418,22671,827,60,No
CUST00556,51,44206,88038,732,36,Yes
CUST00557,39,146180,95664,598,12,Yes
CUST00558,36,18287,36645,564,60,Yes
CUST00559,25,40337,12637,628,36,No
CUST00560,55,169738,5660,691,24,No
CUST00561,32,150233,11922,622,48,No
CUST00562,45,118667,98697,633,24,Yes
CUST00563,41,108071,49721,682,24,Yes
CUST00564,56,116064,62256,654,48,Yes
CUST00565,43,124511,74506,526,36,No
CUST00566,36,163830,73943,761,48,No
CUST00567,59,21178,32843,743,72,Yes
CUST00568,65,49831,14046,584,60,No
CUST00569,62,151248,94336,684,12,No
CUST00570,59,121306,68985,596,12,Yes
CUST00571,34,175699,85083,634,48,No
CUST00572,51,130025,35346,716,48,Yes
CUST00573,25,108417,93284,741,60,No
CUST00574,55,29984,96384,739,48,Yes
CUST00575,43,107312,58526,698,24,Yes
CUST00576,49,101291,78143,776,36,Yes
CUST00577,63,25135,41787,634,60,Yes
CUST00578,31,18320,38583,651,60,No
CUST00579,38,170756,17563,485,36,No
CUST00580,32,106774,51060,673,48,Yes
CUST00581,29,170961,38690,723,24,No
CUST00582,30,116071,99712,701,36,No
CUST00583,64,159842,19925,633,24,Yes
CUST00584,37,127863,91787,743,60,Yes
CUST00585,58,59777,88184,674,48,Yes
CUST00586,27,64250,25108,737,60,No
CUST00587,33,91034,81515,716,72,Yes
CUST00588,60,122940,73258,787,24,Yes
CUST00589,62,58130,10355,705,48,No
CUST00590,29,151609,51069,726,60,No
CUST00591,47,33216,99335,674,48,No
CUST00592,22,102149,59471,642,48,No
CUST00593,25,21009,37705,717,36,No
CUST00594,49,107904,48909,793,48,No
CUST00595,57,178399,93606,634,36,No
CUST00596,58,163281,58739,661,36,No
CUST00597,39,33029,81820,682,24,No
CUST00598,28,120171,92273,731,12,Yes
CUST00599,65,132456,28241,706,12,No
CUST00600,21,80559,32414,748,24,No
CUST00601,42,82892,55818,828,36,Yes
CUST00602,37,88409,25895,632,12,No
CUST00603,27,157707,97307,726,24,No
CUST00604,45,51065,67409,704,60,No
CUST00605,65,138544,60324,681,60,No
CUST00606,24,125340,71920,725,60,Yes
CUST00607,56,51783,58555,660,60,Yes
CUST00608,26,52152,70453,704,24,No
CUST00609,51,76741,27689,582,24,No
CUST00610,39,125049,69356,640,36,No
CUST00611,64,47092,98011,759,60,Yes
CUST00612,59,166725,13252,756,60,No
CUST00613,47,104483,35844,699,36,Yes
CUST00614,30,139585,28365,646,24,No
CUST00615,46,77754,11026,742,48,No
CUST00616,39,179050,33523,773,36,No
CUST00617,59,105592,15482,649,48,No
CUST00618,23,112543,53888,571,60,No
CUST00619,65,61169,55110,714,48,No
CUST00620,33,72745,95644,749,60,No
CUST00621,48,128168,5493,724,36,Yes
CUST00622,40,131985,61194,797,48,Yes
CUST00623,48,23543,87001,798,60,No
CUST00624,28,39067,44767,657,48,No
CUST00625,61,69033,34550,695,48,No
CUST00626,59,63256,18833,643,48,No
CUST00627,21,171263,7970,603,60,No
CUST00628,23,104803,87681,608,24,Yes
CUST00629,33,136843,54177,734,36,No
CUST00630,48,46992,72342,703,36,No
CUST00631,45,66803,76200,747,60,No
CUST00632,53,127975,66501,850,72,No
CUST00633,58,162282,33900,717,24,No
CUST00634,26,44270,19126,621,24,No
CUST00635,64,154269,75690,758,60,No
CUST00636,65,25452,92744,620,36,Yes
CUST00637,52,59486,84303,811,36,No
CUST00638,65,32859,90579,532,12,No
CUST00639,41,176308,52994,639,36,No
CUST00640,36,50083,72061,727,48,Yes
CUST00641,41,85708,21978,768,36,No
CUST00642,31,129462,61344,629,36,No
CUST00643,57,165735,51648,616,60,Yes
CUST00644,56,111076,6055,691,24,No
CUST00645,55,37053,80582,823,12,No
CUST00646,39,160157,86214,565,60,No
CUST00647,40,179636,49876,656,60,Yes
CUST00648,38,107745,97160,700,36,Yes
CUST00649,61,87517,43725,620,36,No
CUST00650,34,170225,10255,620,36,No
CUST00651,35,154319,79947,662,48,No
CUST00652,51,159625,58380,702,12,No
CUST00653,21,169883,58333,665,36,Yes
CUST00654,23,155207,47459,790,24,No
CUST00655,36,154645,41163,724,60,No
CUST00656,43,97267,38971,709,36,No
CUST00657,31,156261,70149,757,36,No
CUST00658,32,98077,89730,710,12,No
CUST00659,30,94623,24476,647,12,No
CUST00660,52,149004,73580,660,48,No
CUST00661,36,71687,91593,595,60,No
CUST00662,28,86312,74050,830,48,No
CUST00663,58,125615,80526,750,60,No
CUST00664,32,148976,12507,488,24,No
CUST00665,44,45564,75393,780,48,No
CUST00666,48,46835,17118,570,24,No
CUST00667,28,25697,55529,719,24,No
CUST00668,48,98165,73682,515,60,Yes
CUST00669,56,166118,96937,648,60,Yes
CUST00670,46,75823,59176,781,48,No
CUST00671,28,27615,96713,785,60,No
CUST00672,48,154132,9414,703,72,No
CUST00673,48,148499,88030,739,24,No
CUST00674,57,94436,90973,574,72,Yes
CUST00675,61,138562,67137,720,48,No
CUST00676,56,89117,8937,744,60,No
CUST00677,47,52782,41731,850,48,No
CUST00678,37,96533,91862,633,48,No
CUST00679,29,90684,43665,681,48,No
CUST00680,53,97558,79510,686,36,Yes
CUST00681,40,99422,22500,732,60,No
CUST00682,33,174328,6750,746,24,No
CUST00683,48,179077,70018,760,36,Yes
CUST00684,49,24638,9027,754,12,No
CUST00685,33,55419,10745,569,36,No
CUST00686,55,51377,66731,484,24,Yes
CUST00687,26,124244,91984,641,12,Yes
CUST00688,38,41382,33451,677,36,No
CUST00689,25,171466,98743,634,36,No
CUST00690,45,85789,76474,646,12,No
CUST00691,22,128634,66536,655,36,Yes
CUST00692,30,149936,17150,723,72,No
CUST00693,50,117572,18406,602,24,No
CUST00694,65,162738,24781,674,36,No
CUST00695,25,141664,62417,675,12,Yes
CUST00696,53,170027,23325,722,24,No
CUST00697,21,128674,73684,767,48,No
CUST00698,38,121533,99415,806,36,No
CUST00699,52,99845,78469,624,36,Yes
CUST00700,31,87590,14436,530,24,No
CUST00701,41,145775,22669,662,48,No
CUST00702,46,84471,77010,561,60,Yes
CUST00703,45,61298,81764,850,24,No
CUST00704,42,66924,6843,615,12,No
CUST00705,47,165781,70609,722,24,No
CUST00706,33,27726,55812,750,48,No
CUST00707,53,58542,21059,706,24,No
CUST00708,54,169317,91269,836,36,No
CUST00709,61,52753,45768,665,24,No
CUST00710,55,97788,30395,617,24,Yes
CUST00711,21,39316,25202,614,12,No
CUST00712,41,102698,18273,736,36,No
CUST00713,26,33960,53889,666,24,Yes
CUST00714,48,48791,78048,614,36,Yes
CUST00715,37,43216,98767,713,48,No
CUST00716,25,82427,93810,733,36,Yes
CUST00717,51,130470,50510,700,48,No
CUST00718,25,91290,92945,747,60,No
CUST00719,58,65014,75649,687,48,Yes
CUST00720,23,153150,7881,635,60,No
CUST00721,43,68519,50913,741,36,No
CUST00722,57,22042,89785,613,24,No
CUST00723,57,67052,70037,595,48,Yes
CUST00724,30,32389,67457,767,48,Yes
CUST00725,30,113961,40343,654,36,No
CUST00726,39,86111,67389,805,12,No
CUST00727,37,123058,83250,744,48,No
CUST00728,41,111715,13656,648,60,No
CUST00729,34,68733,10741,716,36,No
CUST00730,29,52754,21661,850,72,No
CUST00731,21,167696,33690,737,36,No
CUST00732,65,103886,37833,724,24,Yes
CUST00733,33,175753,76240,635,36,No
CUST00734,24,107524,82711,818,36,No
CUST00735,21,99006,62141,779,48,Yes
CUST00736,60,42704,83232,636,36,Yes
CUST00737,52,112913,44023,821,48,No
CUST00738,54,112108,45209,692,12,No
CUST00739,48,25493,98590,617,36,No
CUST00740,51,87639,91612,635,36,No
CUST00741,28,72383,85522,746,72,Yes
CUST00742,59,152066,19440,617,36,No
CUST00743,46,65234,12960,597,60,Yes
CUST00744,54,146674,27462,647,36,No
CUST00745,23,23594,22821,658,24,Yes
CUST00746,32,25371,62772,630,36,No
CUST00747,21,65315,32258,646,36,Yes
CUST00748,64,145251,97889,749,72,No
CUST00749,25,97526,93952,699,48,Yes
CUST00750,50,165698,67524,641,60,No
CUST00751,50,104005,27115,648,60,No
CUST00752,37,123573,51433,670,48,No
CUST00753,43,156202,95504,674,48,No
CUST00754,35,155900,93267,675,48,No
CUST00755,57,75514,93321,746,48,No
CUST00756,41,166955,84364,695,36,No
CUST00757,34,93986,75077,697,36,No
CUST00758,22,103959,45644,787,48,Yes
CUST00759,31,20035,67643,821,12,No
CUST00760,59,127767,18311,588,36,No
CUST00761,58,35241,35531,562,60,Yes
CUST00762,54,70975,19588,654,36,No
CUST00763,58,172226,54416,739,48,No
CUST00764,54,174697,17380,708,24,No
CUST00765,38,74396,47645,759,60,Yes
CUST00766,50,136920,22818,651,36,No
CUST00767,35,162403,35857,533,72,No
CUST00768,47,104226,26711,577,72,Yes
CUST00769,54,102719,10097,722,60,Yes
CUST00770,58,81014,33393,760,24,No
CUST00771,53,57346,27076,537,36,No
CUST00772,44,88411,89274,786,60,No
CUST00773,35,161326,62609,715,60,No
CUST00774,50,177693,34317,675,60,No
CUST00775,62,94441,63480,633,48,Yes
CUST00776,37,64121,12044,799,36,No
CUST00777,25,78197,76033,747,24,No
CUST00778,49,102577,60486,717,60,Yes
CUST00779,24,112634,60162,625,60,No
CUST00780,30,118211,84287,801,12,No
CUST00781,37,153909,34882,682,24,No
CUST00782,30,161687,59078,702,48,No
CUST00783,37,19466,63734,685,48,No
CUST00784,40,48771,48826,623,24,No
CUST00785,44,101886,92985,704,36,Yes
CUST00786,25,83911,49028,732,24,No
CUST00787,54,169818,56331,647,24,No
CUST00788,26,106422,37543,698,60,Yes
CUST00789,22,91369,34362,684,48,No
CUST00790,33,19893,32315,749,60,No
CUST00791,63,48573,32746,658,60,Yes
CUST00792,63,114907,15057,697,36,No
CUST00793,31,117956,47915,713,60,Yes
CUST00794,43,136580,26061,656,72,No
CUST00795,36,170271,56370,618,48,No
CUST00796,51,109404,39157,630,36,Yes
CUST00797,31,75724,16322,711,48,No
CUST00798,36,104133,74812,662,60,No
CUST00799,28,33989,82842,661,24,No
CUST00800,24,46931,39017,725,36,No
CUST00801,60,27290,61792,756,60,No
CUST00802,24,139136,32742,769,60,No
CUST00803,45,97878,69808,634,36,Yes
CUST00804,23,108477,22629,749,36,No
CUST00805,52,144299,13245,836,36,No
CUST00806,23,179205,48870,689,36,No
CUST00807,47,123686,69829,675,60,Yes
CUST00808,49,176124,15588,659,24,No
CUST00809,52,125286,5442,600,36,No
CUST00810,39,58475,82339,743,60,Yes
CUST00811,41,100666,45721,675,36,No
CUST00812,25,114622,42145,669,60,No
CUST00813,38,153705,15599,732,36,Yes
CUST00814,48,166376,77594,738,60,No
CUST00815,62,125573,87742,635,72,No
CUST00816,42,64546,82430,637,36,Yes
CUST00817,41,25008,7939,633,60,No
CUST00818,26,66291,27149,839,72,No
CUST00819,21,176477,71567,791,72,No
CUST00820,25,54386,15208,733,36,Yes
CUST00821,61,108909,71098,652,36,No
CUST00822,32,169899,54492,661,36,No
CUST00823,46,51040,25951,707,36,No
CUST00824,54,78354,53920,846,36,No
CUST00825,34,96543,51766,702,24,No
CUST00826,46,36157,62014,718,48,No
CUST00827,65,53315,33351,489,48,No
CUST00828,47,53932,89216,699,60,Yes
CUST00829,29,170236,54386,575,60,Yes
CUST00830,46,163486,92122,643,36,No
CUST00831,42,163399,14308,684,36,No
CUST00832,50,131880,64252,657,60,Yes
CUST00833,63,150018,80145,632,24,No
CUST00834,37,32693,88211,633,12,No
CUST00835,46,45241,33064,664,60,No
CUST00836,56,133194,58879,661,24,Yes
CUST00837,21,113790,13720,682,60,No
CUST00838,28,164612,47940,676,60,No
CUST00839,55,90255,84993,776,36,No
CUST00840,35,174153,73475,526,60,Yes
CUST00841,42,29350,52113,698,36,No
CUST00842,34,74809,53926,685,60,No
CUST00843,46,119894,43203,670,60,No
CUST00844,48,115557,93901,627,12,No
CUST00845,43,177441,10392,669,48,No
CUST00846,34,49728,30905,557,48,Yes
CUST00847,44,35576,78508,696,12,Yes
CUST00848,22,178073,55385,709,72,No
CUST00849,65,101384,35653,627,36,No
CUST00850,46,18390,96865,826,36,No
CUST00851,34,63436,89720,671,24,Yes
CUST00852,27,29569,19799,683,48,No
CUST00853,23,162101,65103,780,60,No
CUST00854,43,40490,20052,841,48,No
CUST00855,63,63875,11044,596,60,Yes
CUST00856,65,23867,24871,637,60,No
CUST00857,38,98820,94303,672,36,No
CUST00858,58,117515,25234,624,36,No
CUST00859,55,27121,26381,743,24,No
CUST00860,35,19539,22274,616,12,No
CUST00861,45,166099,92840,775,12,No
CUST00862,57,145402,88108,727,60,No
CUST00863,48,92229,54892,767,72,No
CUST00864,30,157993,55521,616,24,No
CUST00865,59,68435,96501,651,36,No
CUST00866,37,159382,88920,747,24,Yes
CUST00867,59,81965,88391,734,60,No
CUST00868,42,129048,22920,658,36,No
CUST00869,46,114444,21702,669,48,No
CUST00870,64,87922,6894,647,48,No
CUST00871,45,115799,35985,667,48,Yes
CUST00872,37,111948,33287,608,36,No
CUST00873,33,161314,78527,595,24,No
CUST00874,40,26947,20439,755,12,No
CUST00875,45,66785,99620,665,36,Yes
CUST00876,24,137963,47235,766,60,No
CUST00877,30,18507,32659,725,36,No
CUST00878,23,176223,29976,703,24,No
CUST00879,61,29618,87643,627,60,Yes
CUST00880,65,92286,72865,589,24,No
CUST00881,38,34122,73306,646,12,Yes
CUST00882,56,156426,61697,795,60,No
CUST00883,42,127598,75382,747,48,No
CUST00884,54,104436,21651,639,36,No
CUST00885,28,154109,54044,647,60,No
CUST00886,60,46633,19633,610,60,No
CUST00887,64,42495,84164,564,12,Yes
CUST00888,39,82550,5569,688,48,No
CUST00889,62,54483,64900,809,48,No
CUST00890,61,131181,72509,810,72,No
CUST00891,57,52069,38038,726,72,Yes
CUST00892,26,156442,54088,635,36,No
CUST00893,46,137873,78177,571,48,No
CUST00894,54,134843,79466,759,24,Yes
CUST00895,65,89947,77216,714,12,Yes
CUST00896,26,113761,71793,656,36,No
CUST00897,57,131753,78786,644,48,Yes
CUST00898,53,149764,43138,725,48,No
CUST00899,42,46926,68310,618,36,No
CUST00900,41,117782,33757,698,60,No
CUST00901,26,122700,75394,589,60,No
CUST00902,26,91984,84027,847,60,No
CUST00903,24,67593,95830,628,12,No
CUST00904,50,93609,61151,729,60,No
CUST00905,31,23209,54272,590,60,Yes
CUST00906,50,144700,11908,668,12,No
CUST00907,51,155605,15844,746,36,No
CUST00908,44,104597,56455,763,72,No
CUST00909,29,25211,73447,737,48,No
CUST00910,23,27927,79527,670,36,No
CUST00911,51,135333,82108,630,24,No
CUST00912,60,173666,48066,599,48,No
CUST00913,57,94382,45004,793,36,No
CUST00914,56,157005,43333,688,24,No
CUST00915,44,121780,88029,702,36,Yes
CUST00916,51,58696,44697,767,24,No
CUST00917,26,85616,22634,724,60,No
CUST00918,22,155161,29561,670,72,No
CUST00919,40,175195,23033,736,36,No
CUST00920,48,156869,77887,633,48,Yes
CUST00921,31,68013,60063,564,36,No
CUST00922,24,157418,30921,786,24,No
CUST00923,35,166725,24340,640,72,Yes
CUST00924,26,67556,67781,657,24,Yes
CUST00925,50,141723,19901,664,24,No
CUST00926,58,44140,15638,635,36,Yes
CUST00927,22,19184,43596,763,48,Yes
CUST00928,35,173918,91914,708,36,Yes
CUST00929,31,129361,49324,657,24,Yes
CUST00930,28,171267,93356,584,60,Yes
CUST00931,46,23606,95596,703,36,No
CUST00932,65,153028,37642,496,24,No
CUST00933,64,34555,30378,697,36,Yes
CUST00934,25,108385,55867,781,24,Yes
CUST00935,26,167762,78686,685,36,No
CUST00936,46,76502,47875,770,48,Yes
CUST00937,24,175419,94595,588,60,No
CUST00938,39,121844,88729,833,24,Yes
CUST00939,40,109321,69377,762,24,No
CUST00940,53,67056,59691,716,12,Yes
CUST00941,40,116234,98337,635,24,Yes
CUST00942,32,59850,69303,623,12,No
CUST00943,21,45843,65839,675,36,Yes
CUST00944,46,80320,54063,770,24,No
CUST00945,34,47793,96782,581,48,Yes
CUST00946,58,166929,83343,681,36,No
CUST00947,57,37627,88071,735,24,Yes
CUST00948,31,79822,10492,750,36,No
CUST00949,56,73798,36357,735,24,No
CUST00950,33,93318,76838,574,48,Yes
CUST00951,63,122186,37314,765,36,No
CUST00952,23,105902,53697,685,24,No
CUST00953,53,177629,75283,599,36,No
CUST00954,26,89334,64567,678,24,Yes
CUST00955,30,124719,52006,533,60,No
CUST00956,25,141099,65011,723,72,No
CUST00957,43,30720,15686,670,12,No
CUST00958,30,75608,42449,585,48,No
CUST00959,64,125449,66606,658,36,No
CUST00960,22,120828,23891,627,12,No
CUST00961,33,144613,57115,632,12,No
CUST00962,60,90095,65719,510,60,No
CUST00963,22,123924,78030,555,36,Yes
CUST00964,40,114452,41723,663,72,Yes
CUST00965,21,105593,34877,650,36,No
CUST00966,57,124975,98517,753,24,No
CUST00967,29,95242,19026,633,60,Yes
CUST00968,37,134041,25422,640,60,No
CUST00969,29,144202,14244,644,60,No
CUST00970,31,95606,38481,665,60,Yes
CUST00971,35,141769,94180,687,36,Yes
CUST00972,44,136542,63031,650,12,No
CUST00973,58,124438,13521,723,24,No
CUST00974,55,18924,6746,850,36,No
CUST00975,50,69322,88127,618,72,Yes
CUST00976,51,175550,97254,709,48,Yes
CUST00977,25,89042,73232,682,60,No
CUST00978,64,64418,17012,759,36,No
CUST00979,34,118699,85224,695,48,No
CUST00980,31,108140,28457,626,60,No
CUST00981,29,29781,75572,593,36,No
CUST00982,54,154587,34960,726,36,No
CUST00983,32,135358,92695,599,48,Yes
CUST00984,55,54133,12910,769,48,No
CUST00985,55,115628,7693,721,72,No
CUST00986,21,94946,20858,687,36,Yes
CUST00987,60,103058,33810,582,24,No
CUST00988,42,158167,25092,731,36,No
CUST00989,49,169542,93779,801,36,No
CUST00990,28,61129,53700,648,48,No
CUST00991,31,26531,63105,624,24,No
CUST00992,61,55038,35505,673,60,No
CUST00993,57,105939,78228,715,60,No
CUST00994,34,60674,33555,640,24,No
CUST00995,50,145572,76934,747,24,No
CUST00996,55,47831,77788,823,36,No
CUST00997,41,75174,82257,705,60,Yes
CUST00998,57,29279,22939,656,24,No
CUST00999,25,78610,16825,713,12,No
CUST01000,39,71051,95787,768,48,No
CUST01001,34,74652,29151,692,48,No
CUST01002,46,83524,5036,716,36,No
CUST01003,24,24470,98948,733,60,Yes
CUST01004,45,71473,88707,614,72,Yes
CUST01005,65,168952,44051,714,24,No
CUST01006,62,62439,85738,579,36,No
CUST01007,45,32308,78596,631,12,No
CUST01008,38,109563,65071,766,24,No
CUST01009,60,53081,78601,745,24,Yes
CUST01010,28,27837,34873,660,36,No
CUST01011,59,136128,41648,808,60,No
CUST01012,60,130651,76468,582,48,No
CUST01013,34,115624,31470,665,24,No
CUST01014,52,175371,70129,701,12,No
CUST01015,58,48063,13328,469,48,Yes
CUST01016,53,87453,11333,668,24,No
CUST01017,43,120166,51638,596,36,Yes
CUST01018,35,32506,16268,597,36,Yes
CUST01019,53,131604,75603,660,60,No
CUST01020,45,44026,22045,543,24,No
CUST01021,37,176744,45741,619,48,No
CUST01022,53,70413,93306,545,12,Yes
CUST01023,22,83066,47770,689,48,Yes
CUST01024,34,68971,12887,688,48,No
CUST01025,60,176353,29918,654,60,No
CUST01026,60,131978,40497,755,48,No
CUST01027,59,177163,98562,658,36,No
CUST01028,26,68494,66009,678,36,No
CUST01029,26,121864,16929,612,24,No
CUST01030,23,167682,66762,507,48,No
CUST01031,27,150151,84099,669,60,No
CUST01032,28,113386,33546,659,36,No
CUST01033,62,104126,83424,808,60,No
CUST01034,35,98863,42338,730,36,No
CUST01035,49,96291,39283,649,36,No
CUST01036,53,143659,87494,691,36,No
CUST01037,50,25235,83170,748,24,Yes
CUST01038,59,100733,89787,719,36,No
CUST01039,47,80712,51566,805,60,No
CUST01040,56,170545,90464,621,36,Yes
CUST01041,49,143849,86991,753,48,No
CUST01042,58,97823,97680,648,60,Yes
CUST01043,53,122215,33013,695,36,Yes
CUST01044,57,50230,57132,638,60,No
CUST01045,47,102573,92412,669,36,No
CUST01046,53,58644,97498,696,36,No
CUST01047,24,63203,33084,724,24,No
CUST01048,42,84677,26143,685,24,No
CUST01049,22,174497,96627,494,60,Yes
CUST01050,30,141246,19179,674,60,No
CUST01051,25,102817,63726,790,36,No
CUST01052,30,87806,15222,674,24,No
CUST01053,53,60814,64965,792,36,Yes
CUST01054,58,88219,69068,671,48,No
CUST01055,33,113345,28949,562,36,No
CUST01056,51,118088,21116,648,48,No
CUST01057,56,87322,56052,638,60,Yes
CUST01058,65,39650,56369,663,36,No
CUST01059,44,112242,53817,591,72,No
CUST01060,35,158262,88203,679,36,No
CUST01061,49,56196,79311,655,72,Yes
CUST01062,28,47709,34655,777,24,No
CUST01063,25,98428,62802,589,24,No
CUST01064,49,27943,52632,698,60,No
CUST01065,24,39042,19193,711,48,No
CUST01066,32,61894,85212,738,60,No
CUST01067,65,155941,35776,653,36,No
CUST01068,22,74759,48225,697,60,No
CUST01069,47,123973,65010,706,24,No
CUST01070,51,62306,87735,556,12,Yes
CUST01071,56,126369,70451,655,36,No
CUST01072,56,169990,53812,678,60,Yes
CUST01073,46,46379,85602,686,48,No
CUST01074,63,138667,23895,685,36,No
CUST01075,47,152034,70782,713,36,No
CUST01076,25,162923,26209,825,12,No
CUST01077,40,135626,87336,635,36,Yes
CUST01078,31,143180,66807,709,36,Yes
CUST01079,30,70349,28086,778,48,No
CUST01080,60,163817,90637,545,48,No
CUST01081,58,23730,87027,700,60,Yes
CUST01082,26,162993,32207,554,24,No
CUST01083,28,37023,25897,844,36,No
CUST01084,43,144796,68083,719,36,No
CUST01085,46,99533,71957,709,48,No
CUST01086,63,101286,83506,539,36,No
CUST01087,32,59979,12283,642,60,Yes
CUST01088,46,40837,99024,643,48,No
CUST01089,33,164069,86481,812,12,No
CUST01090,60,122975,5255,735,24,No
CUST01091,38,38923,81555,556,60,Yes
CUST01092,45,26876,20487,715,48,No
CUST01093,53,78973,24346,567,24,No
CUST01094,60,151959,40050,558,12,Yes
CUST01095,63,60422,13744,714,48,No
CUST01096,32,69413,29756,736,48,Yes
CUST01097,64,120484,66596,714,24,No
CUST01098,56,151913,88397,821,36,No
CUST01099,24,46756,30146,708,36,No
CUST01100,25,89576,60032,693,60,No
CUST01101,57,136248,47687,589,24,No
CUST01102,28,28304,51103,744,60,Yes
CUST01103,62,48341,26976,556,36,No
CUST01104,48,153830,67863,832,12,No
CUST01105,51,166082,5591,745,36,No
CUST01106,29,145039,11277,850,24,No
CUST01107,49,150447,66860,709,48,No
CUST01108,34,117485,7260,749,48,No
CUST01109,60,40092,70883,659,12,Yes
CUST01110,61,149562,29741,677,24,No
CUST01111,42,21729,42211,601,60,No
CUST01112,31,155046,46542,571,36,No
CUST01113,43,136222,11869,694,36,No
CUST01114,21,103216,98618,676,36,No
CUST01115,57,101860,92616,599,60,No
CUST01116,41,114870,69732,613,48,No
CUST01117,46,39398,99515,682,48,Yes
CUST01118,56,52650,24422,598,24,No
CUST01119,43,170364,40613,707,12,No
CUST01120,21,121889,62016,600,36,Yes
CUST01121,60,21159,65110,699,36,No
CUST01122,35,116162,93529,594,48,No
CUST01123,41,120834,82922,594,48,No
CUST01124,29,166137,39033,503,36,No
CUST01125,29,39638,50213,668,48,Yes
CUST01126,30,19073,66993,789,24,No
CUST01127,46,47320,17938,785,12,No
CUST01128,61,52924,81695,704,60,No
CUST01129,55,86116,7274,530,48,Yes
CUST01130,45,20159,89390,743,48,No
CUST01131,46,66940,36815,697,36,No
CUST01132,31,97436,81018,650,36,No
CUST01133,58,32678,23961,771,24,No
CUST01134,22,161093,25044,726,60,No
CUST01135,27,155844,26975,827,48,No
CUST01136,38,85163,19706,575,24,No
CUST01137,47,172536,10974,580,60,Yes
CUST01138,54,69137,81464,593,36,Yes
CUST01139,47,179304,26213,659,60,No
CUST01140,37,79497,6950,799,12,No
CUST01141,63,118485,90013,633,12,No
CUST01142,64,123468,15411,635,24,No
CUST01143,44,18901,92231,711,24,No
CUST01144,45,105980,51156,743,60,No
CUST01145,27,125594,67744,512,48,No
CUST01146,26,20881,22771,758,48,Yes
CUST01147,44,47863,74810,631,60,Yes
CUST01148,53,154694,40053,672,36,No
CUST01149,49,150450,57076,786,60,No
CUST01150,63,63201,12045,664,60,No
CUST01151,42,77251,62623,565,36,Yes
CUST01152,46,90572,34714,569,24,No
CUST01153,48,57255,39386,678,48,No
CUST01154,41,81212,13562,655,36,No
CUST01155,27,68210,60048,684,60,No
CUST01156,37,143629,98295,650,24,No
CUST01157,40,40499,17026,773,48,No
CUST01158,61,120552,36589,682,36,No
CUST01159,40,79360,31844,548,24,No
CUST01160,42,153675,28447,741,36,No
CUST01161,48,145466,95415,823,24,No
CUST01162,60,103473,82502,692,36,No
CUST01163,27,161704,88268,697,60,No
CUST01164,21,179679,59708,622,36,Yes
CUST01165,52,109873,68925,662,60,No
CUST01166,33,83756,75825,718,24,No
CUST01167,50,74344,56574,765,48,No
CUST01168,43,156421,90548,713,60,No
CUST01169,39,89154,23812,816,36,No
CUST01170,52,45464,60309,687,60,No
CUST01171,50,139897,69230,596,36,No
CUST01172,49,55344,46628,598,36,No
CUST01173,65,101791,45581,773,60,Yes
CUST01174,49,173371,51628,756,12,No
CUST01175,50,150534,93628,557,12,No
CUST01176,36,138209,30105,664,48,No
CUST01177,60,99441,84830,667,60,Yes
CUST01178,39,108456,74157,624,60,Yes
CUST01179,38,99788,37442,574,12,No
CUST01180,21,32175,92235,622,72,Yes
CUST01181,34,155263,7347,608,48,No
CUST01182,22,101434,52650,576,60,Yes
CUST01183,48,102518,22110,742,36,No
CUST01184,50,84537,67170,701,48,Yes
CUST01185,58,133721,9923,645,60,No
CUST01186,24,65645,56801,525,36,No
CUST01187,21,41283,67771,658,72,Yes
CUST01188,28,104971,86147,719,36,Yes
CUST01189,49,110759,53135,625,36,Yes
CUST01190,59,120780,24199,594,60,No
CUST01191,23,179096,14066,671,72,No
CUST01192,52,48734,57136,705,36,Yes
CUST01193,30,18515,97290,530,24,Yes
CUST01194,30,128782,41575,782,60,No
CUST01195,39,84727,94796,586,60,Yes
CUST01196,54,127164,51733,648,48,No
CUST01197,53,64216,21991,769,48,No
CUST01198,43,89833,27553,689,60,No
CUST01199,48,76755,94710,762,24,No
CUST01200,52,45856,92493,797,72,No
CUST01201,27,91870,5634,571,36,No
CUST01202,49,173234,17771,748,48,No
CUST01203,28,155080,23298,779,36,No
CUST01204,21,25987,84876,652,36,No
CUST01205,23,114502,40999,658,48,No
CUST01206,44,152404,76887,537,72,No
CUST01207,43,84323,64648,739,48,No
CUST01208,28,27873,67668,490,60,No
CUST01209,57,123219,74374,753,12,No
CUST01210,23,23033,72509,574,60,No
CUST01211,53,91324,80783,784,36,No
CUST01212,48,33689,49440,710,24,Yes
CUST01213,28,127756,36655,756,24,No
CUST01214,54,18066,48039,619,48,No
CUST01215,55,132159,60255,580,72,No
CUST01216,52,25533,77219,548,48,Yes
CUST01217,44,133828,59989,762,36,No
CUST01218,34,77658,16244,730,24,Yes
CUST01219,52,56498,99594,732,36,Yes
CUST01220,63,127028,63595,702,12,No
CUST01221,36,29772,44551,721,36,No
CUST01222,24,107385,68230,658,48,Yes
CUST01223,57,30940,33371,708,72,No
CUST01224,41,136027,74358,616,36,Yes
CUST01225,34,34932,33878,654,24,No
CUST01226,51,42648,41157,850,60,No
CUST01227,38,50966,10914,683,60,No
CUST01228,27,176849,88700,532,60,No
CUST01229,30,166246,32180,649,24,No
CUST01230,27,60598,8688,601,36,No
CUST01231,53,162870,85219,692,72,No
CUST01232,43,166630,83616,613,24,No
CUST01233,41,79084,14916,664,48,No
CUST01234,39,149250,61363,625,36,Yes
CUST01235,39,35118,32360,695,36,No
CUST01236,56,40616,42805,633,60,No
CUST01237,49,149870,18453,707,36,No
CUST01238,38,25601,27703,826,60,No
CUST01239,22,43363,64021,593,36,No
CUST01240,21,20795,79176,734,72,Yes
CUST01241,25,115462,99799,496,36,Yes
CUST01242,40,120892,86614,663,24,No
CUST01243,31,90833,93919,697,36,No
CUST01244,62,21084,86072,624,60,Yes
CUST01245,22,113865,12410,546,60,No
CUST01246,23,18731,86462,677,36,No
CUST01247,43,150201,53268,795,48,No
CUST01248,32,177094,39248,669,60,No
CUST01249,40,19605,36159,722,60,No
CUST01250,25,95506,47039,765,48,No
CUST01251,57,62130,52800,850,60,No
CUST01252,58,178337,45761,601,48,No
CUST01253,50,86469,99626,609,12,No
CUST01254,29,164259,91103,658,12,No
CUST01255,54,174863,48663,726,72,No
CUST01256,64,108436,85903,506,24,Yes
CUST01257,55,130341,45412,729,36,No
CUST01258,42,149965,40367,691,60,Yes
CUST01259,64,117694,10813,640,24,No
CUST01260,44,37773,64894,712,60,No
CUST01261,37,22239,56444,747,60,No
CUST01262,30,38863,39269,757,72,No
CUST01263,50,69415,66748,681,36,No
CUST01264,43,86968,46190,704,36,No
CUST01265,52,78430,45318,702,60,No
CUST01266,37,19515,42018,772,36,No
CUST01267,37,115206,44759,709,48,No
CUST01268,34,163677,21498,728,48,No
CUST01269,29,74240,30989,747,36,No
CUST01270,60,23586,30568,827,60,No
CUST01271,22,138419,71577,636,48,No
CUST01272,65,140374,35099,802,12,No
CUST01273,45,49186,94900,850,24,No
CUST01274,59,44928,45639,641,24,Yes
CUST01275,29,140990,28482,664,36,No
CUST01276,42,105029,74212,648,60,No
CUST01277,63,38711,60261,729,24,Yes
CUST01278,24,72962,92317,540,36,No
CUST01279,46,38039,35048,643,60,No
CUST01280,49,54561,8065,659,48,No
CUST01281,65,19577,7036,653,36,No
CUST01282,54,125792,40814,652,72,Yes
CUST01283,43,177422,64694,643,36,No
CUST01284,57,28785,21924,738,60,Yes
CUST01285,31,90227,65204,720,48,No
CUST01286,26,136680,37844,808,60,No
CUST01287,38,79957,86943,738,60,No
CUST01288,41,83431,26518,598,36,No
CUST01289,62,166369,22059,667,60,No
CUST01290,56,89894,28052,659,60,No
CUST01291,61,168653,74803,699,36,No
CUST01292,58,73192,76524,762,36,No
CUST01293,54,19462,98510,694,60,Yes
CUST01294,37,146848,94572,694,36,No
CUST01295,57,164583,13680,681,60,No
CUST01296,45,94106,72021,741,48,No
CUST01297,58,66665,85249,637,48,Yes
CUST01298,32,99010,25043,571,12,No
CUST01299,43,90573,7419,728,36,No
CUST01300,62,125803,61892,708,36,No
CUST01301,42,137682,22140,779,48,No
CUST01302,41,31386,48484,498,48,No
CUST01303,47,142069,68869,672,48,Yes
CUST01304,51,72460,50210,688,48,No
CUST01305,26,155293,62600,567,60,No
CUST01306,47,172546,83497,674,36,No
CUST01307,60,133375,11487,769,48,Yes
CUST01308,54,130660,65692,836,12,No
CUST01309,32,170117,67112,754,36,No
CUST01310,65,109319,36110,656,36,No
CUST01311,27,134582,21360,775,36,No
CUST01312,30,153994,54410,748,36,No
CUST01313,65,171778,95418,644,12,No
CUST01314,37,60771,88038,636,36,No
CUST01315,46,70335,78167,667,72,Yes
CUST01316,41,70949,8017,601,36,Yes
CUST01317,48,113558,91261,657,60,Yes
CUST01318,22,164312,65124,717,48,No
CUST01319,63,120272,95298,758,36,No
CUST01320,21,20716,55949,652,24,No
CUST01321,56,165646,63268,784,24,No
CUST01322,46,169285,71320,729,60,No
CUST01323,49,89916,98556,732,36,Yes
CUST01324,41,68906,86301,611,24,Yes
CUST01325,31,18463,36127,816,36,No
CUST01326,60,92694,8196,722,48,No
CUST01327,31,169723,80088,655,48,Yes
CUST01328,56,86694,46300,642,36,No
CUST01329,59,38008,54714,657,36,No
CUST01330,60,88474,36921,604,36,No
CUST01331,55,56185,9746,754,12,No
CUST01332,54,105924,73535,611,36,Yes
CUST01333,44,52980,70350,702,48,Yes
CUST01334,42,40504,55345,646,48,Yes
CUST01335,25,72970,54220,730,60,Yes
CUST01336,53,34766,86131,741,48,Yes
CUST01337,56,134944,27063,632,36,No
CUST01338,40,111922,76736,677,36,No
CUST01339,39,160767,93913,572,36,No
CUST01340,55,166868,83946,808,60,No
CUST01341,63,163631,50971,760,24,No
CUST01342,37,138494,8598,575,60,No
CUST01343,65,26802,15564,615,48,No
CUST01344,63,52159,54725,670,36,Yes
CUST01345,54,29516,91134,683,48,No
CUST01346,29,68492,64940,629,12,No
CUST01347,46,47086,67085,594,36,No
CUST01348,22,131758,22862,710,36,No
CUST01349,29,48480,15265,810,24,No
CUST01350,29,146023,14705,684,60,No
CUST01351,60,128195,60279,658,60,No
CUST01352,37,56737,67471,650,24,No
CUST01353,21,27265,96080,598,36,Yes
CUST01354,45,132165,84834,630,24,Yes
CUST01355,63,137501,67979,765,60,No
CUST01356,60,88990,60828,525,36,No
CUST01357,62,33386,51104,685,36,No
CUST01358,45,122718,45934,682,36,No
CUST01359,59,55425,11050,689,36,Yes
CUST01360,55,139635,48952,735,60,Yes
CUST01361,23,71634,91570,685,60,No
CUST01362,57,104988,13484,646,36,No
CUST01363,64,124337,67648,631,48,No
CUST01364,64,159215,64945,777,36,No
CUST01365,50,164653,58678,758,12,No
CUST01366,58,85443,36323,850,12,No
CUST01367,54,47424,91332,659,36,No
CUST01368,32,106844,99605,632,60,No
CUST01369,39,59984,92363,714,60,Yes
CUST01370,57,59505,40361,712,12,No
CUST01371,64,120478,15315,728,36,No
CUST01372,37,80699,52968,744,24,Yes
CUST01373,30,176029,31519,727,60,No
CUST01374,32,174536,14107,761,60,No
CUST01375,36,132012,60781,771,24,No
CUST01376,44,172721,8869,772,48,No
CUST01377,39,52758,85983,510,60,No
CUST01378,28,154668,32370,697,24,No
CUST01379,51,34374,67695,611,36,No
CUST01380,41,136686,65422,759,48,Yes
CUST01381,37,21775,12971,509,12,No
CUST01382,43,45388,30651,790,36,No
CUST01383,57,141800,61974,615,24,No
CUST01384,36,39029,28446,598,48,Yes
CUST01385,26,101981,43108,707,60,No
CUST01386,28,71639,80179,652,36,No
CUST01387,45,132010,8823,813,12,No
CUST01388,38,163717,18454,782,12,No
CUST01389,45,49105,8932,642,48,Yes
CUST01390,32,162740,15220,758,36,No
CUST01391,35,165032,79090,639,48,No
CUST01392,46,144519,72965,638,24,No
CUST01393,61,160429,33208,734,60,No
CUST01394,65,120739,77980,789,60,No
CUST01395,46,69796,15510,647,60,No
CUST01396,52,33804,49045,653,36,No
CUST01397,30,145732,15537,703,48,No
CUST01398,36,163698,77683,613,36,Yes
CUST01399,27,177204,74134,797,60,No
CUST01400,37,25951,77254,612,24,No
CUST01401,43,155521,18782,633,60,No
CUST01402,46,37065,70587,813,36,Yes
CUST01403,41,119503,87238,696,60,No
CUST01404,42,123072,80720,826,60,No
CUST01405,27,158202,83004,664,36,No
CUST01406,34,107360,27072,850,60,No
CUST01407,35,80287,86015,726,36,Yes
CUST01408,27,155126,99003,624,72,No
CUST01409,29,125357,93938,622,60,No
CUST01410,28,47670,77746,571,72,No
CUST01411,43,67112,50702,579,12,No
CUST01412,49,106388,11057,631,36,No
CUST01413,38,107156,35916,606,60,No
CUST01414,51,177379,32268,487,60,No
CUST01415,50,65922,48978,743,12,No
CUST01416,59,111348,28259,738,12,No
CUST01417,55,97335,58583,703,36,No
CUST01418,38,44312,84400,595,60,No
CUST01419,62,84985,39293,804,60,Yes
CUST01420,59,148744,12043,667,36,No
CUST01421,37,118963,55430,618,12,Yes
CUST01422,34,49551,43893,697,48,No
CUST01423,51,107813,45642,693,36,No
CUST01424,44,119025,83065,492,60,Yes
CUST01425,55,142342,35868,678,36,No
CUST01426,64,27637,31309,689,48,No
CUST01427,65,61258,28284,652,60,Yes
CUST01428,54,158896,74000,581,48,No
CUST01429,23,147553,89179,583,36,No
CUST01430,57,44950,67107,719,60,No
CUST01431,63,172560,70049,737,36,No
CUST01432,60,145870,34265,646,60,No
CUST01433,46,18215,86490,709,12,Yes
CUST01434,43,123603,28880,646,60,No
CUST01435,64,29523,89579,616,24,No
CUST01436,59,86689,5255,696,12,No
CUST01437,35,41834,6502,594,36,No
CUST01438,24,52474,75192,822,72,No
CUST01439,49,61066,70424,572,72,No
CUST01440,42,28400,80838,701,24,No
CUST01441,45,143211,75966,691,24,Yes
CUST01442,33,28345,46366,685,36,Yes
CUST01443,38,51896,32425,791,36,No
CUST01444,53,46899,57328,479,60,Yes
CUST01445,36,46229,72396,711,36,Yes
CUST01446,65,23583,76694,659,60,Yes
CUST01447,62,153969,10806,724,60,No
CUST01448,64,89537,91274,684,48,Yes
CUST01449,22,153639,22106,674,60,No
CUST01450,55,92807,61731,589,24,Yes
CUST01451,62,147648,80010,630,24,No
CUST01452,54,130652,87533,850,60,Yes
CUST01453,50,162401,37599,724,36,No
CUST01454,33,89792,76326,759,12,Yes
CUST01455,33,149300,80706,654,60,No
CUST01456,38,55052,14004,616,48,No
CUST01457,52,64032,56364,738,36,No
CUST01458,52,51686,30792,537,48,No
CUST01459,55,94981,69912,631,36,No
CUST01460,59,116802,59645,653,72,Yes
CUST01461,49,151881,12232,751,12,No
CUST01462,49,60818,83210,711,48,No
CUST01463,64,118422,59766,645,60,No
CUST01464,36,89927,86588,708,36,No
CUST01465,64,97465,53542,657,60,No
CUST01466,30,131221,10913,760,60,No
CUST01467,50,55333,98449,698,60,No
CUST01468,45,144457,15567,810,36,No
CUST01469,59,34576,43379,659,48,No
CUST01470,40,137875,79968,772,60,No
CUST01471,25,57405,5319,687,36,No
CUST01472,21,112000,95005,628,48,No
CUST01473,50,49601,97026,850,36,No
CUST01474,23,85946,91120,778,24,No
CUST01475,65,70116,9791,698,12,No
CUST01476,34,122186,5329,737,72,No
CUST01477,50,80894,79387,599,48,Yes
CUST01478,24,25465,66032,601,24,Yes
CUST01479,38,74754,49078,764,60,No
CUST01480,57,110850,93662,680,36,No
CUST01481,45,127765,26300,668,60,No
CUST01482,21,110691,80700,658,24,No
CUST01483,35,56871,55945,691,60,No
CUST01484,29,47511,60609,661,48,No
CUST01485,35,98960,65562,528,60,No
CUST01486,44,83776,95045,786,12,Yes
CUST01487,24,62462,66901,672,36,No
CUST01488,32,50574,10703,817,36,No
CUST01489,57,120072,97645,548,60,No
CUST01490,57,174258,68115,548,24,No
CUST01491,63,171885,93090,659,48,Yes
CUST01492,26,96282,32676,753,12,Yes
CUST01493,59,127779,66710,589,24,Yes
CUST01494,44,36557,65077,586,36,Yes
CUST01495,31,177132,94340,708,60,No
CUST01496,33,90104,50440,657,60,Yes
CUST01497,54,155152,41923,721,72,Yes
CUST01498,45,162926,34802,658,60,No
CUST01499,27,140013,95331,709,24,No
CUST01500,24,176097,67904,782,60,No
CUST01501,28,59081,65162,589,36,No
CUST01502,40,153440,70169,769,60,No
CUST01503,49,137181,73147,552,24,Yes
CUST01504,65,45094,27075,726,60,No
CUST01505,30,84766,87015,786,24,No
CUST01506,63,101053,79716,641,36,Yes
CUST01507,54,173063,14304,728,12,No
CUST01508,46,19301,64622,643,24,No
CUST01509,61,177682,59215,724,36,No
CUST01510,23,99463,85146,511,60,Yes
CUST01511,26,42466,78973,692,60,No
CUST01512,25,44081,17521,710,36,No
CUST01513,25,42354,29028,781,24,No
CUST01514,43,111297,44328,749,36,No
CUST01515,29,36300,32301,668,60,Yes
CUST01516,55,82384,43015,700,24,No
CUST01517,40,113027,92276,572,48,Yes
CUST01518,62,139684,41845,803,24,No
CUST01519,55,78892,91818,732,36,No
CUST01520,38,53525,81394,540,24,No
CUST01521,37,175604,49159,698,24,No
CUST01522,44,24464,48714,704,24,No
CUST01523,23,34562,85722,622,36,No
CUST01524,52,125392,30230,687,36,No
CUST01525,55,73514,97554,614,48,No
CUST01526,58,131428,54262,575,12,Yes
CUST01527,33,130564,95201,634,24,No
CUST01528,45,126047,46722,693,24,No
CUST01529,29,50634,51359,750,60,Yes
CUST01530,24,18060,67796,685,48,No
CUST01531,34,27269,45159,750,60,Yes
CUST01532,57,41065,92052,729,36,Yes
CUST01533,54,20895,95209,602,24,Yes
CUST01534,31,98859,10239,728,12,No
CUST01535,61,161424,96951,730,36,No
CUST01536,23,122127,55886,811,48,No
CUST01537,48,114426,32195,711,60,No
CUST01538,49,29962,99859,587,60,Yes
CUST01539,29,51302,39674,638,36,No
CUST01540,23,103382,23105,541,36,No
CUST01541,45,22011,34739,718,24,No
CUST01542,54,147716,36969,804,36,Yes
CUST01543,32,37782,19497,501,60,Yes
CUST01544,62,138654,6816,807,24,No
CUST01545,29,27196,97019,717,72,Yes
CUST01546,35,61459,64254,599,36,Yes
CUST01547,60,105245,92695,699,36,Yes
CUST01548,45,96863,74385,602,24,No
CUST01549,25,141206,92148,713,48,No
CUST01550,31,119010,38826,685,36,No
CUST01551,54,50769,68365,705,36,No
CUST01552,44,125529,89242,611,36,Yes
CUST01553,35,42700,55100,622,12,Yes
CUST01554,58,23269,95099,718,36,Yes
CUST01555,28,139631,9359,642,36,No
CUST01556,25,61880,17809,691,48,No
CUST01557,46,132003,69450,714,48,No
CUST01558,38,157392,43428,663,36,No
CUST01559,26,67589,99990,767,48,Yes
CUST01560,57,53897,77790,666,36,Yes
CUST01561,33,32380,95321,664,48,Yes
CUST01562,48,88934,7093,633,12,No
CUST01563,25,73830,49498,758,24,No
CUST01564,33,23529,45985,627,36,No
CUST01565,37,112598,37009,774,60,No
CUST01566,60,100987,87094,692,12,No
CUST01567,65,67178,22718,850,24,No
CUST01568,52,156009,21705,630,36,Yes
CUST01569,49,139952,92618,776,12,Yes
CUST01570,23,57886,67598,718,60,No
CUST01571,60,67699,82878,641,48,Yes
CUST01572,54,94396,17239,719,60,No
CUST01573,60,108678,51622,716,12,No
CUST01574,47,43279,51665,655,36,No
CUST01575,33,128776,37274,712,60,Yes
CUST01576,65,119444,16419,767,48,No
CUST01577,53,124300,20003,718,36,No
CUST01578,26,131793,35866,649,48,No
CUST01579,44,134278,26988,644,60,No
CUST01580,39,121247,60894,673,12,No
CUST01581,36,26997,95444,763,48,Yes
CUST01582,60,124102,10674,623,36,No
CUST01583,48,103711,75538,709,60,Yes
CUST01584,53,134045,98103,563,48,No
CUST01585,61,58860,71446,725,12,No
CUST01586,33,21225,34072,736,36,No
CUST01587,63,128114,38717,832,72,No
CUST01588,65,131218,92345,749,60,No
CUST01589,45,118764,31651,650,36,No
CUST01590,62,125041,49291,565,48,Yes
CUST01591,56,130224,68350,719,48,No
CUST01592,47,81656,87020,655,12,No
CUST01593,58,94290,9646,705,24,No
CUST01594,27,74633,44713,626,48,No
CUST01595,25,44655,72936,667,36,No
CUST01596,63,139118,49331,553,24,Yes
CUST01597,65,21114,27185,602,60,No
CUST01598,51,44502,89263,591,36,Yes
CUST01599,43,67768,57107,745,36,Yes
CUST01600,62,66128,71554,618,24,Yes
CUST01601,30,169100,22563,783,48,No
CUST01602,52,101123,75729,619,48,Yes
CUST01603,63,126255,20701,837,48,No
CUST01604,50,21174,74072,534,24,Yes
CUST01605,59,135769,53217,712,48,Yes
CUST01606,51,53398,49610,683,60,Yes
CUST01607,38,153393,89422,589,36,Yes
CUST01608,56,141549,55131,639,24,No
CUST01609,22,90635,34410,660,60,Yes
CUST01610,34,41760,63715,699,24,No
CUST01611,33,160432,43665,610,36,No
CUST01612,49,159385,20957,712,24,No
CUST01613,32,148674,53127,689,36,No
CUST01614,59,154873,68589,738,36,No
CUST01615,22,32130,51008,615,12,No
CUST01616,52,163343,66920,649,60,No
CUST01617,33,165147,37875,788,36,No
CUST01618,47,125215,6626,612,48,No
CUST01619,61,168056,95815,576,36,No
CUST01620,37,106095,68822,633,48,Yes
CUST01621,60,78942,76765,547,36,No
CUST01622,51,161933,77413,805,60,No
CUST01623,54,116970,38642,659,60,No
CUST01624,44,100203,43311,660,48,No
CUST01625,65,170049,37356,736,36,No
CUST01626,55,106177,8809,626,60,Yes
CUST01627,26,90902,48371,664,36,No
CUST01628,39,110172,39875,624,24,No
CUST01629,50,164702,14465,548,24,No
CUST01630,27,38056,71095,684,60,No
CUST01631,30,156454,78844,757,24,Yes
CUST01632,61,73739,70250,686,60,No
CUST01633,52,99685,91889,749,36,Yes
CUST01634,54,66639,20250,598,36,Yes
CUST01635,48,18992,51023,623,48,No
CUST01636,35,90394,51624,583,24,Yes
CUST01637,50,85657,21427,707,60,No
CUST01638,57,45160,38276,656,48,Yes
CUST01639,49,63156,76643,653,48,Yes
CUST01640,42,104442,84012,730,48,Yes
CUST01641,24,168644,8439,645,24,No
CUST01642,40,135925,90848,761,36,Yes
CUST01643,52,22136,92331,698,24,No
CUST01644,56,79868,83672,653,36,No
CUST01645,24,100263,84703,564,60,Yes
CUST01646,47,50167,22300,730,48,No
CUST01647,37,128957,65289,701,60,No
CUST01648,32,33479,22182,705,48,No
CUST01649,42,137392,75507,707,24,No
CUST01650,37,153895,55912,640,48,No
CUST01651,30,37585,31909,669,60,No
CUST01652,21,166344,24659,646,24,No
CUST01653,42,44619,36403,774,60,No
CUST01654,46,93069,38586,659,48,No
CUST01655,38,57895,15360,634,12,Yes
CUST01656,34,21720,26424,779,36,No
CUST01657,49,37267,53791,771,36,No
CUST01658,32,164768,8065,698,36,No
CUST01659,56,179040,73795,670,60,No
CUST01660,55,71364,17300,652,60,No
CUST01661,32,172417,38370,677,60,No
CUST01662,27,69567,74831,614,60,Yes
CUST01663,49,109229,32209,716,60,No
CUST01664,31,168457,25927,804,60,No
CUST01665,53,96518,39579,722,24,No
CUST01666,26,100844,14032,597,36,Yes
CUST01667,35,108697,98254,714,12,No
CUST01668,52,75196,83413,695,36,No
CUST01669,31,133600,45731,713,60,No
CUST01670,43,118625,97202,619,24,No
CUST01671,46,149567,58767,680,48,No
CUST01672,54,62755,77302,746,48,Yes
CUST01673,54,51324,54954,600,24,Yes
CUST01674,49,96929,93365,646,36,Yes
CUST01675,24,150624,90757,658,36,No
CUST01676,37,69272,30102,755,24,No
CUST01677,55,92462,39433,766,48,No
CUST01678,33,172961,20932,536,36,No
CUST01679,61,72675,30714,755,36,No
CUST01680,59,91591,62803,768,24,No
CUST01681,35,171706,44743,764,36,No
CUST01682,49,50363,7552,640,12,No
CUST01683,49,95004,61627,663,60,No
CUST01684,31,58718,50987,562,36,No
CUST01685,52,131627,84810,523,60,Yes
CUST01686,22,44870,50380,653,48,No
CUST01687,34,55394,34250,686,60,No
CUST01688,40,70057,73344,693,36,No
CUST01689,42,97795,69686,742,24,No
CUST01690,31,98409,50028,850,36,No
CUST01691,47,31016,20295,650,12,No
CUST01692,23,60137,60248,601,60,Yes
CUST01693,37,149225,85205,721,36,No
CUST01694,64,156925,15523,697,72,No
CUST01695,48,30379,50530,637,60,No
CUST01696,49,164864,18769,748,24,No
CUST01697,41,139169,68042,619,48,No
CUST01698,36,167172,49645,670,36,No
CUST01699,57,144082,95743,675,36,No
CUST01700,40,131089,67142,609,36,Yes
CUST01701,26,29049,30557,552,60,No
CUST01702,39,149858,84782,696,36,No
CUST01703,25,179771,83382,783,48,No
CUST01704,23,140784,42085,752,36,No
CUST01705,21,65691,55708,757,36,No
CUST01706,58,75986,56357,620,36,No
CUST01707,35,172672,18470,696,36,No
CUST01708,54,112774,83712,573,36,Yes
CUST01709,55,168882,84082,693,36,No
CUST01710,45,123315,11805,784,48,Yes
CUST01711,44,75204,87324,786,24,No
CUST01712,32,38085,99884,832,72,No
CUST01713,38,51980,67028,754,24,No
CUST01714,35,74117,55772,716,36,Yes
CUST01715,64,163213,57104,746,24,No
CUST01716,36,158416,78616,731,12,No
CUST01717,47,33896,94300,619,60,Yes
CUST01718,28,107353,11630,566,60,Yes
CUST01719,45,47813,20701,746,48,Yes
CUST01720,37,83679,19859,837,60,No
CUST01721,49,159753,26183,749,60,No
CUST01722,28,21228,45438,538,48,No
CUST01723,35,153654,47244,641,60,Yes
CUST01724,47,29397,79312,665,36,No
CUST01725,27,55011,20021,541,48,No
CUST01726,23,97183,74863,577,60,Yes
CUST01727,49,111254,60565,677,24,No
CUST01728,64,60317,53043,700,60,No
CUST01729,44,120489,78150,606,24,No
CUST01730,23,58096,69361,573,60,No
CUST01731,40,71785,6245,769,36,No
CUST01732,35,70344,46011,651,36,No
CUST01733,45,138382,15355,662,12,No
CUST01734,50,177484,53692,639,60,No
CUST01735,34,128489,54004,622,24,No
CUST01736,27,29549,34714,778,48,No
CUST01737,37,43739,22198,614,48,Yes
CUST01738,64,39209,71951,693,36,No
CUST01739,40,125051,6652,681,72,No
CUST01740,56,33116,48625,534,12,Yes
CUST01741,29,38045,90982,698,48,No
CUST01742,58,175399,23740,564,36,Yes
CUST01743,42,53709,8810,728,36,No
CUST01744,22,61617,21569,591,24,Yes
CUST01745,44,175977,84120,719,60,No
CUST01746,28,137779,31783,648,60,No
CUST01747,31,60919,83047,629,24,No
CUST01748,33,101521,14471,696,24,No
CUST01749,37,24447,11163,570,72,No
CUST01750,28,23499,68087,675,12,No
CUST01751,41,57041,67071,739,36,Yes
CUST01752,38,49315,21065,758,36,No
CUST01753,50,150371,88456,645,36,No
CUST01754,38,138506,53348,656,48,Yes
CUST01755,51,154066,24154,568,60,Yes
CUST01756,58,156561,25229,624,36,No
CUST01757,52,109647,57587,563,60,No
CUST01758,31,50355,54713,713,48,Yes
CUST01759,65,91805,31997,743,36,No
CUST01760,45,86367,26101,646,12,No
CUST01761,53,127906,45391,601,60,No
CUST01762,58,135409,80863,703,36,No
CUST01763,61,95355,77723,615,24,Yes
CUST01764,28,134220,64405,730,60,Yes
CUST01765,31,105173,39948,825,60,No
CUST01766,42,19996,58031,614,72,Yes
CUST01767,44,62387,42921,624,36,No
CUST01768,61,21089,77571,571,60,Yes
CUST01769,37,116827,82007,691,48,Yes
CUST01770,32,38659,33460,686,72,No
CUST01771,52,63178,26071,660,60,No
CUST01772,35,113965,71118,681,72,No
CUST01773,36,99268,53282,602,72,No
CUST01774,42,103042,96725,555,12,Yes
CUST01775,48,124471,63445,623,60,No
CUST01776,40,88111,86067,536,36,No
CUST01777,53,118435,87208,614,48,No
CUST01778,30,107242,59816,703,72,No
CUST01779,60,131204,90779,684,12,Yes
CUST01780,52,171956,8060,547,48,No
CUST01781,53,35199,18731,759,60,No
CUST01782,22,78038,82830,665,36,Yes
CUST01783,53,75786,25719,583,24,No
CUST01784,53,127636,52042,653,12,No
CUST01785,61,67294,54116,636,24,Yes
CUST01786,33,161737,31325,615,48,No
CUST01787,50,18534,27597,741,36,No
CUST01788,53,109828,72439,597,12,No
CUST01789,33,54132,19551,694,72,No
CUST01790,46,133720,98287,579,48,No
CUST01791,42,54110,29278,677,36,No
CUST01792,59,81580,96189,700,36,No
CUST01793,22,171541,20141,700,48,Yes
CUST01794,58,82016,72913,686,36,Yes
CUST01795,59,64233,38615,662,48,No
CUST01796,46,147863,67751,600,48,No
CUST01797,35,124311,32452,601,24,No
CUST01798,54,52409,27725,702,60,No
CUST01799,62,168396,55391,585,36,No
CUST01800,64,157810,80060,568,36,No
CUST01801,60,42054,16698,787,72,Yes
CUST01802,31,47709,91711,661,36,Yes
CUST01803,23,127321,82850,728,48,No
CUST01804,26,18363,7365,746,48,Yes
CUST01805,29,28358,48372,684,24,No
CUST01806,26,152312,49134,652,72,No
CUST01807,29,63689,42823,653,36,No
CUST01808,59,19936,76158,801,36,No
CUST01809,51,130272,6949,638,60,No
CUST01810,52,109074,54396,693,36,Yes
CUST01811,61,18882,36912,731,48,No
CUST01812,32,169296,61947,699,60,No
CUST01813,28,123227,49387,761,36,No
CUST01814,28,143865,68965,651,24,Yes
CUST01815,48,141745,21508,731,12,No
CUST01816,40,179897,50592,545,60,No
CUST01817,27,46885,6919,781,24,No
CUST01818,31,152275,47595,764,36,No
CUST01819,40,151316,14617,657,36,No
CUST01820,36,116322,80268,713,36,No
CUST01821,24,86619,38298,747,48,No
CUST01822,26,39584,11929,602,72,No
CUST01823,42,26521,19456,669,36,No
CUST01824,46,51541,91676,582,36,No
CUST01825,23,47063,88721,765,60,No
CUST01826,61,88268,42924,742,36,No
CUST01827,62,144218,29240,659,60,No
CUST01828,34,136206,92381,650,36,No
CUST01829,31,151639,14228,669,36,No
CUST01830,38,165193,26686,613,72,No
CUST01831,32,150746,16920,667,36,No
CUST01832,43,94411,12432,602,36,No
CUST01833,32,127876,68575,747,24,No
CUST01834,33,178212,76725,765,72,No
CUST01835,45,158399,98575,751,60,No
CUST01836,65,41331,38910,590,36,Yes
CUST01837,39,41004,35226,664,60,No
CUST01838,56,137243,78150,724,48,No
CUST01839,65,159564,64099,738,36,No
CUST01840,28,162821,91760,542,60,Yes
CUST01841,49,81217,23013,736,60,No
CUST01842,52,107044,26446,587,36,No
CUST01843,64,27045,75375,668,12,No
CUST01844,38,38116,67509,774,12,Yes
CUST01845,26,36667,5557,764,60,Yes
CUST01846,38,93057,35666,779,60,No
CUST01847,39,92205,42389,600,48,No
CUST01848,42,45302,52700,619,60,No
CUST01849,57,160355,29578,638,48,No
CUST01850,52,90534,79779,669,60,Yes
CUST01851,61,31440,14596,696,24,No
CUST01852,23,129001,62500,776,36,No
CUST01853,48,64501,77534,610,36,Yes
CUST01854,30,150341,15129,633,36,No
CUST01855,55,25868,68394,787,48,No
CUST01856,49,179323,71046,593,60,No
CUST01857,35,95909,16596,735,36,Yes
CUST01858,53,102523,70355,673,60,No
CUST01859,27,33734,17974,709,36,Yes
CUST01860,32,101600,71673,619,36,Yes
CUST01861,50,26433,98433,733,48,No
CUST01862,41,158183,75202,631,36,No
CUST01863,51,121986,79442,574,36,No
CUST01864,44,81753,26818,716,48,Yes
CUST01865,40,131783,48246,492,60,No
CUST01866,57,39751,60598,637,48,No
CUST01867,24,165525,7654,702,36,No
CUST01868,48,179149,38758,737,12,Yes
CUST01869,64,66570,29204,772,72,No
CUST01870,40,42503,39928,813,36,No
CUST01871,44,151851,58609,790,60,No
CUST01872,52,104840,35552,694,48,No
CUST01873,61,149827,15336,764,48,No
CUST01874,56,57263,52037,693,48,No
CUST01875,54,126491,21206,731,36,No
CUST01876,56,73087,39831,635,48,No
CUST01877,22,69482,48563,715,36,No
CUST01878,35,140989,23361,645,48,No
CUST01879,54,166472,46335,667,60,Yes
CUST01880,56,58115,79469,715,24,Yes
CUST01881,26,32249,30816,837,48,No
CUST01882,59,128361,20619,710,12,No
CUST01883,62,42600,97479,679,24,Yes
CUST01884,32,55706,31819,618,48,No
CUST01885,23,37222,16741,747,12,No
CUST01886,65,117041,13798,655,48,No
CUST01887,38,122504,30143,708,24,No
CUST01888,60,59139,54695,733,36,No
CUST01889,41,132919,37747,775,24,Yes
CUST01890,35,59302,26182,743,36,Yes
CUST01891,53,105838,14415,588,60,Yes
CUST01892,55,157718,16085,551,48,No
CUST01893,46,162615,20008,733,60,No
CUST01894,28,171857,92638,686,12,No
CUST01895,56,96353,23452,709,60,No
CUST01896,50,106992,69075,809,48,No
CUST01897,43,69428,13120,634,36,No
CUST01898,62,41777,69385,777,48,No
CUST01899,64,75939,78356,635,48,Yes
CUST01900,34,104450,23170,797,36,No
CUST01901,34,178625,21259,736,48,Yes
CUST01902,22,41548,27099,567,36,No
CUST01903,57,143549,14649,649,36,No
CUST01904,25,155799,64258,824,36,No
CUST01905,58,165764,46037,814,60,No
CUST01906,65,49625,16805,725,36,No
CUST01907,61,42918,48147,707,36,No
CUST01908,34,132826,79280,698,48,Yes
CUST01909,59,132881,51053,713,60,Yes
CUST01910,45,33577,96393,669,60,No
CUST01911,40,103155,81215,771,12,No
CUST01912,22,129776,15985,723,48,Yes
CUST01913,59,117246,98823,608,36,No
CUST01914,26,176761,17391,729,36,No
CUST01915,37,160226,9861,692,48,No
CUST01916,45,112948,68582,657,60,Yes
CUST01917,48,39341,56928,822,60,No
CUST01918,22,115554,39364,688,48,No
CUST01919,55,125798,87399,533,48,Yes
CUST01920,57,64330,98330,662,36,Yes
CUST01921,25,105759,47923,755,24,No
CUST01922,21,104807,12919,611,72,No
CUST01923,60,51313,60896,752,36,No
CUST01924,32,64900,90818,605,48,Yes
CUST01925,56,96840,52396,780,60,No
CUST01926,65,179297,39840,637,12,No
CUST01927,43,104072,47255,654,60,No
CUST01928,51,114367,76160,648,60,No
CUST01929,31,67156,13176,725,60,No
CUST01930,30,105453,38529,818,12,No
CUST01931,23,176901,61406,681,36,No
CUST01932,34,43938,17941,679,12,No
CUST01933,36,77164,6669,637,48,No
CUST01934,30,78282,90782,558,48,No
CUST01935,49,65801,49859,644,24,No
CUST01936,30,158537,60786,586,48,Yes
CUST01937,32,21326,56083,538,36,Yes
CUST01938,50,152731,45076,674,60,Yes
CUST01939,61,176666,25323,639,48,No
CUST01940,21,133819,11021,783,36,Yes
CUST01941,25,22763,44807,616,36,No
CUST01942,40,159900,55355,730,60,No
CUST01943,28,65588,49732,729,36,No
CUST01944,63,29221,13711,780,36,No
CUST01945,32,160283,68079,666,12,Yes
CUST01946,21,31569,12904,779,36,No
CUST01947,40,55860,69033,722,60,Yes
CUST01948,48,63337,91478,765,60,Yes
CUST01949,63,162587,94787,850,24,No
CUST01950,57,89695,60096,671,36,No
CUST01951,57,124749,95594,693,24,No
CUST01952,32,173976,8093,653,72,No
CUST01953,57,61790,29918,796,48,No
CUST01954,64,86580,77743,850,60,No
CUST01955,48,23636,67636,735,48,Yes
CUST01956,35,95129,63806,559,60,Yes
CUST01957,26,151964,14394,614,60,No
CUST01958,64,39672,97510,767,12,No
CUST01959,40,23812,98708,594,72,No
CUST01960,34,18654,18280,635,60,Yes
CUST01961,22,72633,41303,632,36,Yes
CUST01962,29,35143,32453,674,60,No
CUST01963,57,73934,65695,699,60,Yes
CUST01964,40,85334,73449,538,60,No
CUST01965,46,121463,30765,565,24,No
CUST01966,49,143851,7340,567,48,No
CUST01967,21,47087,96715,576,12,Yes
CUST01968,55,160690,98409,681,60,No
CUST01969,26,26446,43057,695,72,No
CUST01970,57,120127,5597,756,48,No
CUST01971,25,66867,62988,722,36,No
CUST01972,53,78101,99655,636,48,Yes
CUST01973,34,176272,20025,697,36,No
CUST01974,32,106074,12145,759,48,No
CUST01975,62,136422,60797,663,48,Yes
CUST01976,40,105892,46723,657,24,No
CUST01977,44,138044,78230,609,24,No
CUST01978,63,57148,9830,620,48,No
CUST01979,54,100928,28930,731,36,No
CUST01980,45,169770,28752,680,60,No
CUST01981,49,69660,81025,827,36,No
CUST01982,59,53450,86304,629,12,No
CUST01983,51,51757,67040,737,48,No
CUST01984,63,96012,72696,709,48,No
CUST01985,43,124750,69648,673,48,Yes
CUST01986,64,145043,60030,647,48,No
CUST01987,58,74116,61815,725,36,No
CUST01988,40,162233,90669,721,48,No
CUST01989,43,50152,40690,695,12,Yes
CUST01990,65,124379,93406,712,36,No
CUST01991,36,38836,95032,683,24,No
CUST01992,62,175403,62923,557,24,No
CUST01993,28,159835,41572,686,36,No
CUST01994,41,87444,59030,660,24,No
CUST01995,21,111109,72904,826,72,Yes
CUST01996,28,168259,34203,728,36,No
CUST01997,49,161029,82088,695,36,Yes
CUST01998,52,153451,10608,715,60,No
CUST01999,58,177031,50667,603,36,No
CUST02000,25,100018,60547,634,36,No
CUST02001,42,141076,27485,655,36,No
CUST02002,54,176177,14862,709,36,No
CUST02003,21,149949,80948,647,36,No
CUST02004,46,101788,91890,642,36,No
CUST02005,63,114870,76880,600,60,Yes
CUST02006,30,101308,62560,682,24,No
CUST02007,50,75913,88529,692,24,Yes
CUST02008,38,20637,99218,712,48,Yes
CUST02009,37,60025,33415,628,36,No
CUST02010,46,117508,69523,708,36,Yes
CUST02011,28,100464,24323,602,60,Yes
CUST02012,60,46742,58214,664,60,No
CUST02013,32,29831,22997,703,60,No
CUST02014,47,131768,62003,661,36,No
CUST02015,28,103092,8679,563,72,No
CUST02016,45,108879,45308,572,36,No
CUST02017,24,106370,80024,697,24,No
CUST02018,53,144537,44842,723,36,No
CUST02019,21,122824,70408,705,48,Yes
CUST02020,39,106741,74532,725,24,No
CUST02021,51,36830,58938,659,48,No
CUST02022,36,73044,10695,735,60,No
CUST02023,34,91948,63499,705,36,No
CUST02024,25,87202,28382,632,48,No
CUST02025,61,55045,19235,719,36,Yes
CUST02026,46,125509,67223,702,36,No
CUST02027,48,175699,7366,805,36,No
CUST02028,22,33198,32467,783,48,Yes
CUST02029,26,87521,64316,673,36,No
CUST02030,29,124471,11764,649,60,No
CUST02031,53,47475,95896,797,72,No
CUST02032,61,37403,66836,721,60,Yes
CUST02033,45,21681,36923,667,24,No
CUST02034,33,109555,21292,531,12,No
CUST02035,29,136884,6614,623,36,No
CUST02036,33,111122,25939,618,48,No
CUST02037,51,133260,23800,669,72,No
CUST02038,61,123386,61440,726,60,No
CUST02039,31,154701,28246,738,48,No
CUST02040,24,111246,57805,793,12,No
CUST02041,54,113864,54648,750,60,No
CUST02042,58,26417,61851,582,24,No
CUST02043,24,136888,36688,757,12,No
CUST02044,58,92499,98498,810,60,No
CUST02045,39,148908,34764,806,48,No
CUST02046,26,45675,37470,589,24,No
CUST02047,54,29332,43501,666,36,No
CUST02048,38,37177,62207,752,24,Yes
CUST02049,33,148560,67157,593,48,Yes
CUST02050,61,75104,8216,551,36,Yes
CUST02051,43,102335,27072,704,60,No
CUST02052,39,132938,98778,629,36,Yes
CUST02053,65,98730,42132,558,36,Yes
CUST02054,31,154023,22861,772,12,No
CUST02055,21,46333,69186,692,36,No
CUST02056,44,39673,9960,641,48,No
CUST02057,27,132421,23781,608,60,No
CUST02058,45,58870,36126,693,36,No
CUST02059,41,145536,27578,719,36,No
CUST02060,35,89101,22883,704,60,Yes
CUST02061,21,40821,34782,566,36,No
CUST02062,32,43494,61387,716,24,Yes
CUST02063,27,117477,21979,732,36,No
CUST02064,35,144083,38746,654,48,Yes
CUST02065,41,130698,71266,758,12,No
CUST02066,39,129560,5056,616,36,No
CUST02067,49,149907,36457,777,48,Yes
CUST02068,45,36646,7243,690,72,No
CUST02069,53,141777,60031,643,36,Yes
CUST02070,52,95360,6701,656,24,No
CUST02071,55,55335,61381,755,48,No
CUST02072,64,87351,55438,698,36,No
CUST02073,58,132934,78839,728,24,No
CUST02074,46,151501,85636,761,48,No
CUST02075,31,59950,71483,641,60,No
CUST02076,55,78654,25505,690,60,No
CUST02077,28,125422,11553,663,24,No
CUST02078,34,127934,38525,756,60,No
CUST02079,30,137975,85402,651,24,Yes
CUST02080,22,109186,49348,684,36,No
CUST02081,29,122234,76187,850,60,No
CUST02082,23,120326,12273,776,60,No
CUST02083,41,95527,69236,602,24,No
CUST02084,46,104704,80569,748,12,No
CUST02085,28,114952,8535,732,36,No
CUST02086,22,78782,23677,597,48,No
CUST02087,26,89116,88024,672,60,No
CUST02088,48,107626,5908,609,24,No
CUST02089,49,164895,75153,501,36,Yes
CUST02090,46,64015,93989,669,36,No
CUST02091,45,120877,40079,642,12,No
CUST02092,32,33339,86556,597,60,Yes
CUST02093,25,152563,54323,679,60,No
CUST02094,54,149778,50320,521,24,No
CUST02095,57,115493,97098,683,24,No
CUST02096,35,164800,94909,681,24,No
CUST02097,64,156069,51105,731,36,No
CUST02098,56,147526,35164,560,36,No
CUST02099,35,139648,6885,840,36,No
CUST02100,63,43163,62819,812,36,No
CUST02101,43,166790,6049,622,24,No
CUST02102,26,105508,58281,789,60,No
CUST02103,64,57619,48271,744,24,No
CUST02104,63,30126,71697,647,60,Yes
CUST02105,65,82926,71351,634,48,No
CUST02106,41,58633,41534,640,60,No
CUST02107,43,21317,98034,850,12,No
CUST02108,63,62980,63097,782,60,Yes
CUST02109,36,62115,58813,665,12,Yes
CUST02110,35,61158,30037,671,72,No
CUST02111,45,123364,41007,744,48,No
CUST02112,56,33504,84478,740,36,Yes
CUST02113,31,175732,32278,608,36,No
CUST02114,35,55196,13272,702,60,Yes
CUST02115,24,83938,62183,639,60,No
CUST02116,41,157677,43294,691,60,No
CUST02117,33,75388,78277,676,60,No
CUST02118,42,73501,67509,756,60,Yes
CUST02119,39,45043,9694,660,48,No
CUST02120,54,51635,63150,689,12,No
CUST02121,34,98691,72470,539,24,No
CUST02122,24,51132,26556,704,48,No
CUST02123,47,33366,69471,622,36,No
CUST02124,49,111944,54855,566,48,No
CUST02125,48,133267,54086,765,36,Yes
CUST02126,55,57236,23907,677,48,Yes
CUST02127,28,22150,76695,524,36,Yes
CUST02128,36,129369,53487,621,36,No
CUST02129,62,37423,34158,680,36,No
CUST02130,56,22137,25293,683,24,No
CUST02131,50,47992,50761,643,60,Yes
CUST02132,38,128540,38387,428,36,No
CUST02133,22,133140,45750,639,60,No
CUST02134,33,139225,73602,760,36,No
CUST02135,24,84917,26256,785,24,No
CUST02136,46,91690,10594,634,12,No
CUST02137,45,52235,7460,821,24,No
CUST02138,50,37122,77356,559,24,No
CUST02139,31,41956,59698,619,12,Yes
CUST02140,27,81879,21191,747,60,No
CUST02141,51,76560,89631,735,60,Yes
CUST02142,64,128310,15529,679,60,Yes
CUST02143,30,173732,37175,596,72,Yes
CUST02144,59,19168,22675,596,36,Yes
CUST02145,33,63124,48158,626,48,No
CUST02146,51,164104,51798,599,24,No
CUST02147,27,70797,75910,690,24,No
CUST02148,62,53294,30976,673,60,No
CUST02149,62,21516,68116,593,60,Yes
CUST02150,56,168823,83678,653,60,No
CUST02151,40,48373,67821,481,60,Yes
CUST02152,24,140026,17204,705,36,No
CUST02153,27,48270,60665,734,36,Yes
CUST02154,21,159458,12394,612,36,No
CUST02155,64,83184,69814,621,72,Yes
CUST02156,65,55879,38593,699,60,No
CUST02157,62,67597,46964,688,48,No
CUST02158,33,21626,82188,738,24,No
CUST02159,42,103936,58365,622,36,No
CUST02160,41,99515,5443,630,36,No
CUST02161,42,73390,94439,663,60,No
CUST02162,48,165717,33180,600,24,Yes
CUST02163,29,72144,53791,662,24,No
CUST02164,46,162454,91655,601,36,Yes
CUST02165,29,22025,80899,711,60,No
CUST02166,35,97380,48665,610,36,No
CUST02167,30,136910,8465,699,48,No
CUST02168,44,114055,73247,789,36,No
CUST02169,62,144189,56559,712,24,Yes
CUST02170,28,152515,30198,693,24,No
CUST02171,44,39395,59740,578,60,No
CUST02172,36,28725,27488,784,60,No
CUST02173,46,51461,43515,764,36,Yes
CUST02174,47,59115,94144,668,36,No
CUST02175,57,128084,32898,651,60,No
CUST02176,24,101732,6919,619,48,No
CUST02177,44,97557,55070,814,12,No
CUST02178,39,89260,67613,739,36,No
CUST02179,56,177762,91135,623,48,No
CUST02180,59,19407,87501,762,48,No
CUST02181,30,91568,52003,780,72,No
CUST02182,45,76560,53478,678,60,No
CUST02183,38,166866,19434,654,12,No
CUST02184,39,168953,51246,606,48,Yes
CUST02185,56,109288,41649,733,36,No
CUST02186,30,137020,64030,648,48,No
CUST02187,53,117301,58061,645,48,No
CUST02188,25,32390,6999,679,36,No
CUST02189,55,45307,19849,619,60,No
CUST02190,64,42502,81439,795,48,No
CUST02191,54,40486,57800,753,60,No
CUST02192,53,129813,10445,686,36,No
CUST02193,41,121920,23040,616,36,No
CUST02194,37,100768,69315,620,48,No
CUST02195,42,159820,5246,617,72,No
CUST02196,57,80785,36153,588,36,No
CUST02197,35,94050,10212,704,12,No
CUST02198,55,40738,8339,632,36,No
CUST02199,48,92231,93678,628,48,No
CUST02200,27,91606,61238,619,60,Yes
CUST02201,52,59662,24394,755,48,Yes
CUST02202,31,136313,58871,623,72,No
CUST02203,30,33123,82722,775,60,No
CUST02204,29,174688,39607,658,36,No
CUST02205,34,29182,57055,587,48,No
CUST02206,33,108369,9395,715,48,No
CUST02207,45,44128,20290,747,72,No
CUST02208,22,49556,92687,616,24,No
CUST02209,55,170948,70078,685,24,Yes
CUST02210,27,158021,8691,704,24,No
CUST02211,41,69962,12470,687,48,No
CUST02212,38,108054,8841,646,24,No
CUST02213,23,42099,68197,746,48,No
CUST02214,62,161788,60773,661,60,No
CUST02215,59,71144,22776,635,36,No
CUST02216,61,25837,76596,548,48,Yes
CUST02217,31,168231,32584,548,60,Yes
CUST02218,59,143212,9300,696,48,No
CUST02219,44,134680,8338,674,24,Yes
CUST02220,39,124802,67601,747,36,No
CUST02221,24,120413,10487,765,36,No
CUST02222,46,69012,41282,662,24,No
CUST02223,58,148193,81816,751,48,Yes
CUST02224,62,166178,33804,638,72,No
CUST02225,52,76123,14915,669,48,No
CUST02226,59,129825,16158,667,36,No
CUST02227,65,26720,79157,798,36,No
CUST02228,56,170192,15547,584,60,No
CUST02229,60,168862,93713,684,60,No
CUST02230,57,76655,7459,628,36,No
CUST02231,53,111448,33768,658,36,No
CUST02232,56,138507,68146,654,48,Yes
CUST02233,23,52812,55870,685,36,No
CUST02234,29,67570,55460,781,24,No
CUST02235,28,68901,87970,823,36,No
CUST02236,53,78186,65817,729,36,No
CUST02237,26,140066,43247,607,36,No
CUST02238,61,146364,20419,667,24,No
CUST02239,59,54160,40577,700,12,No
CUST02240,24,37156,7921,649,48,No
CUST02241,33,94208,9676,659,48,No
CUST02242,22,167001,90961,675,24,No
CUST02243,25,113377,54684,738,60,No
CUST02244,64,60863,18463,720,36,No
CUST02245,47,83439,30474,634,12,Yes
CUST02246,52,156266,45935,724,24,No
CUST02247,41,139361,72005,809,48,No
CUST02248,28,114176,63596,567,24,Yes
CUST02249,58,47777,77828,647,12,No
CUST02250,28,175255,95945,641,48,Yes
CUST02251,23,176517,94062,686,36,No
CUST02252,64,105201,60152,543,60,No
CUST02253,23,165270,94001,782,60,Yes
CUST02254,42,170483,97321,684,72,No
CUST02255,26,33867,91569,702,12,No
CUST02256,22,80501,77467,694,12,Yes
CUST02257,43,163338,57576,641,72,No
CUST02258,64,57422,71627,732,48,No
CUST02259,22,139544,30772,680,48,No
CUST02260,58,156439,21363,524,24,No
CUST02261,37,53362,33490,672,12,No
CUST02262,55,69588,64004,659,24,No
CUST02263,54,144683,58806,732,36,No
CUST02264,43,54307,5260,850,24,No
CUST02265,50,98280,80992,708,36,No
CUST02266,28,168939,27320,839,48,No
CUST02267,42,74523,83971,629,12,No
CUST02268,64,155450,47145,633,24,No
CUST02269,56,125669,68688,662,36,No
CUST02270,25,176998,53581,712,12,No
CUST02271,33,121215,97561,632,24,No
CUST02272,49,116707,98645,559,36,No
CUST02273,51,162252,25754,682,36,No
CUST02274,36,110837,74837,594,48,No
CUST02275,62,136070,12207,764,24,No
CUST02276,50,173086,32920,728,60,No
CUST02277,36,97872,92739,623,60,No
CUST02278,32,105736,92081,714,48,No
CUST02279,37,23470,29016,639,12,Yes
CUST02280,36,164025,65522,676,36,No
CUST02281,32,110969,79092,677,48,No
CUST02282,28,109493,59068,655,72,No
CUST02283,40,24523,25102,742,72,No
CUST02284,23,49169,6924,596,36,No
CUST02285,36,63641,90015,720,48,Yes
CUST02286,50,172062,59333,703,60,No
CUST02287,65,47661,89458,575,60,No
CUST02288,43,162491,89196,620,36,No
CUST02289,48,32457,51099,598,36,No
CUST02290,60,85600,62346,653,24,Yes
CUST02291,25,121619,80481,684,36,No
CUST02292,40,94102,55062,610,48,No
CUST02293,60,51085,5306,753,72,No
CUST02294,64,115064,93495,759,60,Yes
CUST02295,21,155202,74767,773,24,No
CUST02296,50,123723,17207,476,48,Yes
CUST02297,41,151114,44426,826,36,No
CUST02298,40,88134,11336,692,48,No
CUST02299,26,60982,80166,684,48,No
CUST02300,42,83185,22256,672,36,No
CUST02301,38,51477,54817,581,36,No
CUST02302,28,132161,38719,707,24,No
CUST02303,59,70709,47017,801,12,No
CUST02304,52,177788,50704,692,60,No
CUST02305,53,96137,35013,596,12,No
CUST02306,36,54018,84991,566,24,Yes
CUST02307,32,157133,75258,658,36,No
CUST02308,58,157681,83348,624,60,Yes
CUST02309,54,53371,41776,733,36,No
CUST02310,34,101021,15060,783,24,No
CUST02311,56,169877,83592,715,48,No
CUST02312,53,25857,11655,674,36,No
CUST02313,43,160692,93110,670,36,Yes
CUST02314,65,26177,54923,685,60,No
CUST02315,22,179183,83563,593,36,No
CUST02316,61,106578,9030,725,60,No
CUST02317,41,107941,94779,599,48,Yes
CUST02318,22,29826,38289,764,48,No
CUST02319,47,162962,24739,653,36,No
CUST02320,29,100428,66687,742,60,No
CUST02321,21,144044,41491,570,48,No
CUST02322,31,93020,77115,742,24,Yes
CUST02323,23,23495,88778,782,24,No
CUST02324,43,46481,9781,584,36,Yes
CUST02325,46,160339,25448,671,60,Yes
CUST02326,24,135897,56550,705,60,No
CUST02327,38,155815,54294,709,48,No
CUST02328,26,121475,26446,655,36,No
CUST02329,55,75042,81579,641,36,Yes
CUST02330,42,67476,90389,699,48,Yes
CUST02331,63,46552,90615,706,72,Yes
CUST02332,35,178020,22101,633,36,No
CUST02333,42,87093,71178,618,24,No
CUST02334,57,87123,33016,771,24,No
CUST02335,62,34535,23932,688,36,No
CUST02336,32,84490,49653,510,48,No
CUST02337,62,64562,95481,771,60,Yes
CUST02338,58,137042,57802,635,36,Yes
CUST02339,38,107080,12549,685,36,No
CUST02340,65,59269,83933,708,36,No
CUST02341,55,98674,30362,569,60,No
CUST02342,50,60462,52842,658,36,No
CUST02343,44,152199,51539,779,24,No
CUST02344,62,41147,38717,762,24,No
CUST02345,50,95095,59596,658,36,No
CUST02346,34,108925,28016,734,60,No
CUST02347,26,84381,60200,744,36,No
CUST02348,23,117468,85268,740,36,No
CUST02349,36,81749,65287,594,48,No
CUST02350,27,31731,97447,803,36,No
CUST02351,34,142647,88402,645,24,No
CUST02352,29,69024,47607,688,60,No
CUST02353,35,134712,32621,654,48,No
CUST02354,41,119121,17823,697,48,No
CUST02355,55,21832,34986,615,48,No
CUST02356,22,50332,69325,663,72,Yes
CUST02357,47,30467,62771,694,36,No
CUST02358,22,59025,59973,772,36,Yes
CUST02359,55,162179,19690,763,36,Yes
CUST02360,38,95994,44107,767,36,No
CUST02361,34,112202,62888,745,36,No
CUST02362,40,61481,15956,819,72,Yes
CUST02363,38,151653,91839,658,60,No
CUST02364,30,93118,61227,668,36,No
CUST02365,45,142010,41533,665,36,No
CUST02366,22,141714,61234,675,24,Yes
CUST02367,45,157490,72594,572,60,No
CUST02368,53,178185,61901,700,36,No
CUST02369,56,102363,16519,717,48,No
CUST02370,51,141607,36115,661,60,No
CUST02371,34,81044,71266,548,36,No
CUST02372,21,29814,6832,682,60,Yes
CUST02373,36,117340,46368,583,36,No
CUST02374,23,28024,93425,712,48,No
CUST02375,55,127236,74715,689,36,Yes
CUST02376,61,75836,76835,696,36,Yes
CUST02377,26,25435,78366,600,72,No
CUST02378,45,88601,42570,775,48,No
CUST02379,33,138871,92977,693,36,Yes
CUST02380,54,152479,11615,611,36,No
CUST02381,28,116943,77298,723,12,No
CUST02382,41,50940,43311,687,48,No
CUST02383,54,23666,95245,818,36,No
CUST02384,24,55122,28434,639,60,No
CUST02385,45,136647,91879,586,36,No
CUST02386,35,174164,20739,702,36,No
CUST02387,24,147753,71202,756,60,No
CUST02388,65,141402,98419,850,36,No
CUST02389,32,119190,84599,850,60,Yes
CUST02390,52,118468,38649,564,48,No
CUST02391,52,147207,52445,670,36,No
CUST02392,48,44505,44470,587,48,No
CUST02393,33,54713,79965,661,12,No
CUST02394,51,61169,53621,850,36,No
CUST02395,34,95511,37926,619,24,No
CUST02396,40,58522,42997,678,48,Yes
CUST02397,38,117397,64940,636,24,Yes
CUST02398,49,21880,45724,605,36,No
CUST02399,26,61539,36704,814,36,No
CUST02400,52,32799,33391,565,12,No
CUST02401,49,122843,68291,674,12,No
CUST02402,63,66784,94723,687,36,No
CUST02403,22,131034,7526,678,24,No
CUST02404,43,72362,29686,656,24,No
CUST02405,39,71997,78339,801,24,Yes
CUST02406,51,168145,11574,522,60,No
CUST02407,25,120399,13733,713,48,No
CUST02408,39,32549,55290,716,36,No
CUST02409,54,74920,77793,702,60,No
CUST02410,30,169388,41051,618,12,No
CUST02411,45,175255,20909,770,36,No
CUST02412,22,111860,94682,767,60,No
CUST02413,31,42624,82338,615,48,No
CUST02414,51,64705,78432,590,72,No
CUST02415,35,107326,33133,576,60,Yes
CUST02416,29,175828,56571,697,24,No
CUST02417,43,78390,84062,684,72,No
CUST02418,39,86369,55908,653,60,No
CUST02419,29,27589,16278,836,36,No
CUST02420,55,131012,56458,645,72,No
CUST02421,41,163188,69265,694,12,No
CUST02422,29,91181,61782,665,48,No
CUST02423,48,141711,60415,827,36,No
CUST02424,27,94425,96087,531,24,No
CUST02425,36,179358,59160,657,48,No
CUST02426,36,33994,59399,726,36,No
CUST02427,53,129915,30298,663,48,No
CUST02428,24,140961,27191,582,48,No
CUST02429,24,122672,61964,693,36,No
CUST02430,59,44639,38092,558,24,No
CUST02431,60,35205,94407,730,48,No
CUST02432,37,74677,80257,649,60,No
CUST02433,57,50930,67513,636,48,No
CUST02434,59,91313,56097,758,48,No
CUST02435,49,131153,35279,605,36,No
CUST02436,56,36316,19404,564,36,No
CUST02437,58,176376,75022,612,36,Yes
CUST02438,59,114058,40198,834,72,No
CUST02439,57,105876,99223,605,60,No
CUST02440,55,103366,54997,707,36,No
CUST02441,27,31403,83692,743,36,Yes
CUST02442,47,98052,5567,610,36,No
CUST02443,48,91495,66032,610,48,Yes
CUST02444,42,114090,7179,694,36,No
CUST02445,34,54701,7019,697,48,Yes
CUST02446,27,152457,86455,781,36,No
CUST02447,57,75241,90239,622,36,No
CUST02448,42,159439,23704,652,60,No
CUST02449,25,83030,23030,850,36,No
CUST02450,22,174635,74445,546,72,No
CUST02451,47,123185,78551,530,24,No
CUST02452,41,54404,8420,576,36,No
CUST02453,58,73182,64875,763,36,No
CUST02454,35,50991,52653,647,60,No
CUST02455,41,122601,21740,647,60,No
CUST02456,30,83886,70263,608,24,Yes
CUST02457,43,140002,69559,749,36,No
CUST02458,59,101848,24465,577,48,No
CUST02459,25,173199,56432,636,36,No
CUST02460,21,75692,9131,611,36,Yes
CUST02461,33,55500,15652,480,36,No
CUST02462,41,51785,69973,644,48,No
CUST02463,46,102146,92043,676,36,Yes
CUST02464,65,65997,52147,622,24,No
CUST02465,41,25170,52671,660,36,Yes
CUST02466,38,162375,94342,662,24,Yes
CUST02467,57,89743,24171,670,36,No
CUST02468,65,53187,91129,601,60,Yes
CUST02469,52,150965,60692,597,24,No
CUST02470,56,162825,63541,684,24,No
CUST02471,37,56090,14470,569,24,No
CUST02472,55,77412,66344,664,60,Yes
CUST02473,31,74030,49308,803,24,No
CUST02474,41,35509,55639,677,72,No
CUST02475,46,86653,26326,543,36,No
CUST02476,24,147626,9597,693,36,No
CUST02477,54,22042,35788,741,24,No
CUST02478,38,55201,70020,620,48,No
CUST02479,60,32016,54477,658,48,Yes
CUST02480,55,43022,38071,614,36,No
CUST02481,61,45938,75603,645,36,Yes
CUST02482,49,136171,66923,630,36,No
CUST02483,49,79720,75560,713,36,Yes
CUST02484,58,123514,78251,804,36,No
CUST02485,62,151058,62492,684,36,No
CUST02486,41,94478,36770,564,48,No
CUST02487,62,161233,81762,850,36,No
CUST02488,33,169761,40399,724,36,No
CUST02489,61,145101,83948,739,36,No
CUST02490,37,112699,62439,675,12,No
CUST02491,29,117273,49415,697,36,No
CUST02492,61,81745,17569,654,36,No
CUST02493,21,150283,7369,748,12,No
CUST02494,22,149301,5528,644,60,No
CUST02495,49,136972,35314,717,36,No
CUST02496,53,163417,23047,753,36,No
CUST02497,30,119489,24748,773,60,No
CUST02498,60,49819,40109,757,24,No
CUST02499,41,65779,18919,603,60,No
CUST02500,48,110244,52498,798,36,No
CUST02501,31,83584,60808,730,48,Yes
CUST02502,54,169022,85792,703,48,No
CUST02503,28,164245,75441,712,60,Yes
CUST02504,42,76032,79420,668,48,No
CUST02505,28,133074,33906,645,36,No
CUST02506,35,117273,76486,652,48,No
CUST02507,37,46036,71896,777,24,No
CUST02508,43,89356,26946,686,48,Yes
CUST02509,44,163364,52020,701,24,Yes
CUST02510,65,21052,79266,685,48,Yes
CUST02511,39,62377,27161,630,48,No
CUST02512,25,85819,32738,519,60,No
CUST02513,52,131689,8925,738,36,No
CUST02514,64,164692,13463,730,60,No
CUST02515,21,48461,62153,679,24,Yes
CUST02516,43,38750,87948,598,24,No
CUST02517,57,27472,66009,817,36,No
CUST02518,28,87263,92938,654,48,No
CUST02519,33,130036,96253,699,48,Yes
CUST02520,28,43523,46552,627,60,No
CUST02521,43,179838,61271,579,36,Yes
CUST02522,63,121262,14797,724,48,No
CUST02523,21,84060,91130,567,24,No
CUST02524,65,27079,76942,697,24,No
CUST02525,44,157471,18965,697,12,No
CUST02526,55,78726,18733,596,60,No
CUST02527,44,110906,58223,583,36,No
CUST02528,37,34532,31926,622,36,No
CUST02529,25,140689,33783,633,48,No
CUST02530,40,61162,88360,565,36,Yes
CUST02531,41,152821,41394,596,60,No
CUST02532,60,29353,69796,686,36,No
CUST02533,51,130313,33287,829,12,Yes
CUST02534,56,46477,87104,756,72,No
CUST02535,31,173642,35436,692,12,No
CUST02536,35,104373,91916,765,48,No
CUST02537,39,160509,95332,767,36,No
CUST02538,27,22551,78567,657,36,No
CUST02539,48,86359,92483,699,48,No
CUST02540,63,161988,8188,753,24,No
CUST02541,25,144150,96205,764,60,Yes
CUST02542,25,65636,11765,764,36,No
CUST02543,50,47685,56626,603,36,No
CUST02544,52,69134,93707,768,48,No
CUST02545,28,106916,15807,819,12,No
CUST02546,30,125967,15204,792,36,No
CUST02547,58,112455,97602,599,60,No
CUST02548,52,67756,62944,580,48,Yes
CUST02549,48,140863,47120,715,36,No
CUST02550,37,79192,27658,791,48,Yes
CUST02551,51,66733,42081,697,60,No
CUST02552,28,43993,39986,662,24,No
CUST02553,60,179564,84322,673,48,No
CUST02554,45,170053,99819,757,36,No
CUST02555,29,42143,55304,656,60,No
CUST02556,22,125044,70592,716,48,No
CUST02557,35,146406,63548,670,60,No
CUST02558,23,87351,44986,613,60,Yes
CUST02559,56,88309,79095,607,36,No
CUST02560,24,161518,96594,719,12,Yes
CUST02561,34,179805,93281,477,36,Yes
CUST02562,61,137156,71151,716,36,No
CUST02563,61,94000,78598,667,48,Yes
CUST02564,45,39576,33214,751,60,Yes
CUST02565,30,21320,43745,725,36,Yes
CUST02566,41,159822,47548,683,36,No
CUST02567,56,121002,15681,600,60,No
CUST02568,32,44572,11984,604,24,No
CUST02569,47,35948,32579,632,24,No
CUST02570,60,134528,95810,745,48,No
CUST02571,22,107051,59933,813,36,No
CUST02572,33,45867,32399,705,60,No
CUST02573,52,62678,36481,636,36,No
CUST02574,51,125561,5944,644,60,No
CUST02575,36,30963,98993,647,48,Yes
CUST02576,52,67434,14114,758,12,No
CUST02577,52,84617,44846,646,24,No
CUST02578,54,169341,88666,677,24,No
CUST02579,31,135569,82848,781,24,No
CUST02580,30,115352,37596,637,36,Yes
CUST02581,35,97732,80287,722,48,Yes
CUST02582,37,125648,11907,748,48,No
CUST02583,60,99494,33114,685,48,No
CUST02584,38,95225,30009,827,24,No
CUST02585,29,100867,89846,805,48,Yes
CUST02586,45,96972,55241,700,36,No
CUST02587,60,114261,40725,620,60,Yes
CUST02588,34,108748,23996,623,60,No
CUST02589,45,142481,11047,696,60,No
CUST02590,42,147529,33767,598,48,Yes
CUST02591,50,20251,21347,700,24,No
CUST02592,40,117108,29102,807,24,No
CUST02593,41,176099,9263,685,60,No
CUST02594,64,115382,72438,679,36,No
CUST02595,52,27583,35540,744,36,No
CUST02596,41,68387,80726,719,60,No
CUST02597,55,41104,68769,594,48,Yes
CUST02598,52,30224,45843,646,24,Yes
CUST02599,50,78624,32690,822,24,No
CUST02600,59,122320,7994,704,12,No
CUST02601,32,178371,72546,605,48,No
CUST02602,61,96572,12377,666,36,No
CUST02603,38,103469,83572,546,60,Yes
CUST02604,41,95928,31467,541,48,Yes
CUST02605,33,22141,5048,754,24,No
CUST02606,41,172422,41978,680,24,No
CUST02607,28,88871,52606,719,36,Yes
CUST02608,60,154149,86574,767,60,Yes
CUST02609,27,64015,78414,705,36,No
CUST02610,43,77902,98145,735,60,Yes
CUST02611,64,23577,54222,699,36,No
CUST02612,52,38002,53115,776,36,No
CUST02613,31,68711,94606,813,60,No
CUST02614,42,57451,45647,695,12,Yes
CUST02615,42,177719,59607,692,48,No
CUST02616,63,52831,62410,704,12,Yes
CUST02617,45,114498,26996,672,60,Yes
CUST02618,42,146949,59921,650,60,No
CUST02619,48,113119,88697,759,60,No
CUST02620,49,84830,51022,650,24,No
CUST02621,33,98632,45148,646,24,No
CUST02622,38,54833,72764,747,36,No
CUST02623,22,42398,96901,753,36,No
CUST02624,49,79554,95724,850,48,No
CUST02625,41,68755,13888,771,36,Yes
CUST02626,35,166778,93666,742,24,Yes
CUST02627,47,171412,44159,753,60,No
CUST02628,51,82994,47197,669,60,No
CUST02629,35,81884,89326,722,72,No
CUST02630,43,102361,95360,726,36,No
CUST02631,44,35482,29474,639,36,No
CUST02632,64,72225,22333,676,24,No
CUST02633,33,92854,41355,751,24,No
CUST02634,42,59256,78903,679,36,Yes
CUST02635,63,126721,71258,726,72,No
CUST02636,57,99110,36145,747,24,No
CUST02637,53,131606,80675,744,36,No
CUST02638,23,32650,54854,810,24,No
CUST02639,39,46930,72664,636,36,Yes
CUST02640,43,118400,91153,803,24,No
CUST02641,49,29801,98616,716,36,Yes
CUST02642,50,69360,40285,743,36,No
CUST02643,59,105908,22533,732,24,No
CUST02644,64,165631,37624,728,24,Yes
CUST02645,45,50334,51996,632,48,No
CUST02646,57,31288,51947,740,36,No
CUST02647,28,171470,32956,572,12,No
CUST02648,62,30191,56030,837,60,No
CUST02649,36,36051,63597,709,36,No
CUST02650,28,79715,47443,767,48,Yes
CUST02651,21,28737,70464,731,60,Yes
CUST02652,64,83140,8952,683,36,No
CUST02653,25,174323,61880,639,60,Yes
CUST02654,23,23147,57201,625,60,No
CUST02655,21,68508,47460,738,24,Yes
CUST02656,24,70224,27796,735,60,No
CUST02657,60,37643,36746,722,24,No
CUST02658,55,56967,91785,671,36,No
CUST02659,52,121535,5015,711,60,No
CUST02660,62,58733,54757,648,60,No
CUST02661,54,52808,30957,629,48,No
CUST02662,63,76959,86541,659,24,No
CUST02663,45,150921,26292,663,36,No
CUST02664,30,86178,36876,790,48,No
CUST02665,41,130255,65727,578,36,No
CUST02666,59,104322,52046,678,72,No
CUST02667,47,62565,19817,727,36,No
CUST02668,47,169255,96006,829,24,No
CUST02669,22,19132,14759,634,24,No
CUST02670,61,81668,53432,596,36,Yes
CUST02671,33,126835,11412,734,48,No
CUST02672,29,160003,62757,692,36,No
CUST02673,56,91169,25504,663,60,No
CUST02674,42,118417,13507,713,24,No
CUST02675,62,19044,26050,745,36,No
CUST02676,46,42363,9820,735,48,No
CUST02677,32,64694,12835,703,24,No
CUST02678,37,150654,98167,779,48,No
CUST02679,34,39301,18587,695,60,Yes
CUST02680,34,92329,62732,683,48,No
CUST02681,54,19620,56921,734,36,No
CUST02682,40,80224,50499,585,60,No
CUST02683,31,113419,11840,726,72,No
CUST02684,36,138050,70077,657,24,No
CUST02685,51,73856,36440,580,48,No
CUST02686,26,73809,40183,712,24,No
CUST02687,39,40259,7389,646,12,No
CUST02688,57,38655,60076,559,36,No
CUST02689,24,172682,71299,615,72,No
CUST02690,24,39602,94461,807,48,No
CUST02691,40,103945,97085,638,36,Yes
CUST02692,30,160182,44023,704,24,No
CUST02693,44,155145,55029,599,60,Yes
CUST02694,55,118846,44941,838,36,No
CUST02695,46,98818,93993,685,36,Yes
CUST02696,57,159267,58950,629,60,No
CUST02697,58,19537,91959,746,48,No
CUST02698,41,166210,81054,834,24,No
CUST02699,60,144545,70363,649,36,No
CUST02700,59,107743,66742,627,60,No
CUST02701,41,104155,50215,850,60,Yes
CUST02702,30,138198,52857,671,12,No
CUST02703,58,173917,60476,662,36,No
CUST02704,24,107846,33173,519,24,No
CUST02705,65,48562,14395,677,48,No
CUST02706,40,46036,64768,578,60,Yes
CUST02707,37,92233,89743,638,36,Yes
CUST02708,27,101049,51229,529,60,No
CUST02709,24,86681,31639,773,48,No
CUST02710,49,45818,67583,570,48,No
CUST02711,34,179616,33924,534,60,Yes
CUST02712,23,80532,77969,612,36,No
CUST02713,44,75705,35104,774,36,No
CUST02714,57,38104,42594,647,48,No
CUST02715,36,142336,8664,657,60,No
CUST02716,24,145904,15528,716,24,No
CUST02717,44,87603,33190,669,60,No
CUST02718,54,120499,71033,773,12,Yes
CUST02719,50,77025,66161,662,12,No
CUST02720,38,50317,78177,663,24,Yes
CUST02721,39,123585,75179,850,72,Yes
CUST02722,51,170472,75592,684,36,Yes
CUST02723,39,66270,37899,697,12,No
CUST02724,39,137415,75979,664,72,Yes
CUST02725,42,98206,22241,498,60,Yes
CUST02726,44,87468,51211,745,60,No
CUST02727,65,41723,68472,805,24,No
CUST02728,32,78646,79248,774,24,No
CUST02729,50,18074,78757,638,36,No
CUST02730,58,44498,36346,667,60,No
CUST02731,51,114881,86196,706,48,No
CUST02732,56,169613,82124,704,48,No
CUST02733,39,63929,47220,731,60,No
CUST02734,65,141199,22942,695,24,Yes
CUST02735,56,44028,54167,653,48,No
CUST02736,50,47545,41373,690,36,No
CUST02737,53,97569,72143,755,12,No
CUST02738,38,49673,7016,850,24,No
CUST02739,48,172169,74110,643,60,Yes
CUST02740,31,120511,51309,697,60,No
CUST02741,65,111144,12274,653,36,No
CUST02742,53,82824,20748,703,24,No
CUST02743,37,41525,25175,753,12,No
CUST02744,26,75804,16826,664,60,Yes
CUST02745,24,164115,88008,527,48,No
CUST02746,40,59846,39129,757,72,No
CUST02747,47,95261,75009,690,60,No
CUST02748,35,47483,28490,654,36,No
CUST02749,26,25265,46435,638,24,No
CUST02750,34,40763,80017,703,36,Yes
CUST02751,31,33733,13520,628,12,Yes
CUST02752,59,130196,96951,637,24,Yes
CUST02753,29,109038,88106,586,36,No
CUST02754,46,55420,66877,629,48,Yes
CUST02755,36,158319,24798,727,36,No
CUST02756,25,172912,59638,576,36,No
CUST02757,30,39058,74072,766,48,Yes
CUST02758,23,52929,72309,592,24,No
CUST02759,33,104489,34894,691,60,No
CUST02760,63,102664,67963,716,48,Yes
CUST02761,50,95597,59567,742,24,Yes
CUST02762,65,24041,40326,742,48,No
CUST02763,26,96209,60059,674,36,No
CUST02764,37,170131,10079,667,12,No
CUST02765,65,117864,30838,725,36,No
CUST02766,39,166620,92340,701,72,No
CUST02767,62,164150,52109,654,24,No
CUST02768,55,154491,90211,708,36,No
CUST02769,46,133158,30594,667,60,No
CUST02770,25,179409,47749,635,36,Yes
CUST02771,49,19468,41292,652,36,No
CUST02772,57,42309,79534,716,60,Yes
CUST02773,40,90255,84233,610,36,No
CUST02774,41,99899,56818,763,48,Yes
CUST02775,30,46718,18429,638,60,No
CUST02776,25,124553,62748,511,60,Yes
CUST02777,56,68281,53807,721,72,No
CUST02778,26,131451,12140,477,60,Yes
CUST02779,46,18767,68226,604,48,No
CUST02780,24,152967,19901,850,60,No
CUST02781,59,76026,93815,759,60,No
CUST02782,59,136142,33525,753,72,No
CUST02783,55,60968,25491,596,60,No
CUST02784,21,164404,73816,666,24,Yes
CUST02785,44,163693,39980,773,48,No
CUST02786,56,94870,13078,728,12,No
CUST02787,26,36174,96654,765,36,No
CUST02788,61,142357,94521,814,24,No
CUST02789,64,117189,53704,730,60,No
CUST02790,51,58502,21997,588,36,No
CUST02791,40,54674,84810,725,48,Yes
CUST02792,44,55260,5868,662,48,No
CUST02793,45,89805,31398,583,24,Yes
CUST02794,56,35194,86578,747,48,Yes
CUST02795,41,175883,26246,770,48,No
CUST02796,50,90377,25561,673,60,No
CUST02797,44,148864,21254,704,12,No
CUST02798,64,61723,39512,525,36,Yes
CUST02799,62,94298,94532,764,48,No
CUST02800,50,77238,99154,739,12,Yes
CUST02801,42,123433,82395,699,24,No
CUST02802,48,125092,62865,586,24,Yes
CUST02803,27,20147,28580,557,48,No
CUST02804,55,56445,75959,832,36,No
CUST02805,48,124170,77144,605,48,Yes
CUST02806,34,151085,47485,690,72,No
CUST02807,30,103617,55621,607,60,Yes
CUST02808,36,71502,55665,508,36,No
CUST02809,36,135116,75412,714,36,Yes
CUST02810,51,55755,55603,725,24,No
CUST02811,62,157805,26038,555,12,No
CUST02812,45,27479,98542,763,36,Yes
CUST02813,33,93361,19325,641,36,No
CUST02814,26,170376,40892,599,48,Yes
CUST02815,64,142232,6753,594,60,No
CUST02816,29,123586,22996,745,60,No
CUST02817,65,99171,73811,536,12,No
CUST02818,56,132151,79283,587,48,No
CUST02819,63,104296,50211,712,12,No
CUST02820,40,158562,67820,702,48,No
CUST02821,38,170324,5824,603,24,No
CUST02822,63,155934,18880,776,60,No
CUST02823,41,87959,71617,597,60,Yes
CUST02824,24,159522,16517,664,12,Yes
CUST02825,53,74022,26683,654,60,No
CUST02826,47,79991,21876,655,48,No
CUST02827,27,67853,61354,665,36,No
CUST02828,26,49826,78802,663,48,No
CUST02829,35,60879,81719,662,48,No
CUST02830,38,90361,91602,666,60,No
CUST02831,52,95990,83413,761,60,No
CUST02832,31,107787,14982,663,48,No
CUST02833,40,58736,79504,732,60,Yes
CUST02834,44,42530,31598,691,72,No
CUST02835,35,124080,19639,707,36,No
CUST02836,27,92255,75210,738,24,No
CUST02837,41,153958,74852,594,60,No
CUST02838,62,144598,14695,727,72,No
CUST02839,46,136623,53582,664,24,No
CUST02840,64,55387,36094,608,36,Yes
CUST02841,34,170647,65635,738,12,No
CUST02842,57,130260,27187,648,60,Yes
CUST02843,41,159172,6214,708,60,No
CUST02844,38,156928,28940,477,36,No
CUST02845,25,177876,49406,734,36,No
CUST02846,23,48988,96221,850,60,No
CUST02847,43,94448,48481,679,24,Yes
CUST02848,46,131430,20977,660,60,No
CUST02849,57,161377,49839,645,36,No
CUST02850,44,159041,62874,722,48,No
CUST02851,39,30404,63414,657,36,Yes
CUST02852,45,158061,30538,729,48,No
CUST02853,41,37360,61241,809,60,No
CUST02854,32,103657,78501,743,72,No
CUST02855,61,175359,80133,667,60,Yes
CUST02856,53,52160,65481,596,24,No
CUST02857,24,24789,32740,649,36,Yes
CUST02858,62,176253,68328,668,36,No
CUST02859,27,163457,77105,581,60,No
CUST02860,42,100597,55643,762,36,No
CUST02861,53,83641,16881,723,72,No
CUST02862,37,62247,41996,601,72,Yes
CUST02863,44,104673,37177,547,48,No
CUST02864,54,23544,42177,734,60,No
CUST02865,48,162347,71126,557,72,No
CUST02866,63,81248,61531,686,60,No
CUST02867,61,52550,31119,649,48,Yes
CUST02868,59,71693,32915,740,60,No
CUST02869,42,146924,7708,741,24,No
CUST02870,37,168713,43749,618,48,No
CUST02871,54,98021,49989,747,24,No
CUST02872,26,33605,27106,658,24,Yes
CUST02873,26,68713,22131,681,60,No
CUST02874,54,169462,51553,683,48,No
CUST02875,21,93403,63144,849,36,No
CUST02876,30,76466,11553,671,36,No
CUST02877,41,21981,22881,555,72,Yes
CUST02878,25,158565,6379,626,60,No
CUST02879,22,133631,95791,735,12,No
CUST02880,42,137238,74306,659,72,Yes
CUST02881,22,113335,24726,681,36,No
CUST02882,30,125441,14088,648,48,Yes
CUST02883,54,34984,39314,469,48,No
CUST02884,36,143580,60041,622,60,No
CUST02885,59,129316,21350,674,60,No
CUST02886,42,171832,86397,547,36,Yes
CUST02887,32,150596,84509,592,48,No
CUST02888,44,136454,22769,654,36,No
CUST02889,60,67402,52249,655,36,No
CUST02890,58,109656,87862,710,48,No
CUST02891,30,83614,51365,659,36,Yes
CUST02892,55,109009,55185,707,36,Yes
CUST02893,52,63836,7786,627,24,Yes
CUST02894,27,162434,6620,696,48,No
CUST02895,41,167634,41303,790,60,No
CUST02896,40,149049,24589,702,36,No
CUST02897,46,94407,7882,662,72,No
CUST02898,24,25610,67248,609,12,No
CUST02899,42,127381,54322,687,48,Yes
CUST02900,35,33791,29524,664,48,Yes
CUST02901,60,76047,14745,722,12,No
CUST02902,41,168737,20861,543,24,No
CUST02903,35,88246,96707,666,60,Yes
CUST02904,42,104148,96735,711,48,No
CUST02905,48,63890,59261,690,36,Yes
CUST02906,34,155866,7837,655,36,No
CUST02907,47,50888,79135,654,60,No
CUST02908,61,155821,86447,598,36,No
CUST02909,60,64531,59380,708,60,No
CUST02910,48,133652,91089,712,36,No
CUST02911,46,38608,54831,574,48,Yes
CUST02912,22,98986,94349,737,24,Yes
CUST02913,45,101996,43255,631,60,No
CUST02914,23,74017,34520,652,60,Yes
CUST02915,28,75676,34541,819,48,No
CUST02916,64,29560,70772,800,12,Yes
CUST02917,53,68468,32350,572,36,No
CUST02918,62,51123,49397,584,24,No
CUST02919,55,112346,82085,601,36,Yes
CUST02920,26,158790,68865,799,60,No
CUST02921,59,18028,60956,634,60,Yes
CUST02922,43,65599,32453,569,36,Yes
CUST02923,45,166469,67345,772,72,No
CUST02924,63,63406,17906,725,60,No
CUST02925,39,65657,19988,849,36,No
CUST02926,25,85560,32723,724,48,No
CUST02927,31,122143,38800,678,60,No
CUST02928,32,162575,44107,699,48,Yes
CUST02929,30,72943,32430,646,48,Yes
CUST02930,28,93839,37535,778,60,No
CUST02931,44,100674,73476,782,36,No
CUST02932,48,43345,92329,561,60,No
CUST02933,61,68390,82798,751,48,Yes
CUST02934,56,77557,57284,600,48,No
CUST02935,57,19906,61232,850,24,No
CUST02936,41,25961,49420,794,36,Yes
CUST02937,28,175212,42710,595,36,No
CUST02938,29,137289,77497,698,36,No
CUST02939,35,95567,97035,754,60,No
CUST02940,60,98664,45498,633,36,No
CUST02941,38,99199,36283,578,24,No
CUST02942,62,117764,71169,688,48,No
CUST02943,40,140357,77358,668,48,Yes
CUST02944,26,98729,67457,611,24,Yes
CUST02945,32,177633,30968,773,12,No
CUST02946,22,68568,67508,583,60,No
CUST02947,27,127349,68220,672,12,No
CUST02948,36,91302,90366,694,60,Yes
CUST02949,23,112968,10738,703,36,No
CUST02950,65,178576,8098,765,48,No
CUST02951,23,134116,78633,662,24,Yes
CUST02952,47,55146,83672,485,60,No
CUST02953,63,58297,43244,651,24,No
CUST02954,60,104394,13253,734,36,No
CUST02955,58,145173,59333,669,36,No
CUST02956,53,143942,55969,670,60,No
CUST02957,48,34939,95744,719,60,No
CUST02958,21,62460,75423,729,36,No
CUST02959,28,161738,49411,546,36,No
CUST02960,57,80119,80028,679,60,No
CUST02961,52,150851,40421,665,60,No
CUST02962,63,162258,6454,686,48,No
CUST02963,57,165531,22522,532,60,Yes
CUST02964,24,23057,43575,779,36,No
CUST02965,50,167805,8192,681,24,No
CUST02966,26,37157,60268,712,24,No
CUST02967,39,53030,86311,812,48,Yes
CUST02968,52,168685,15402,713,36,No
CUST02969,29,126612,83610,565,24,No
CUST02970,32,133080,85781,674,36,No
CUST02971,31,101028,41527,731,48,Yes
CUST02972,36,154260,57181,684,24,No
CUST02973,21,47680,96472,808,12,Yes
CUST02974,65,120302,32002,616,60,No
CUST02975,41,54445,86219,773,36,No
CUST02976,50,23796,17460,743,24,No
CUST02977,33,65218,35482,687,48,No
CUST02978,54,157195,21447,705,60,No
CUST02979,24,157294,53228,607,48,Yes
CUST02980,48,42074,88265,657,36,Yes
CUST02981,58,134088,55126,723,60,No
CUST02982,51,178897,25545,669,36,No
CUST02983,47,54839,60114,685,36,No
CUST02984,25,125112,98740,754,48,Yes
CUST02985,45,145514,80350,537,48,Yes
CUST02986,23,86322,62801,708,48,Yes
CUST02987,53,74321,18890,813,60,No
CUST02988,24,128100,57482,652,48,Yes
CUST02989,45,175060,68397,587,60,No
CUST02990,40,53507,6740,651,48,Yes
CUST02991,54,117244,35121,566,36,Yes
CUST02992,46,143788,16218,697,48,No
CUST02993,25,113251,76591,674,24,No
CUST02994,55,41806,93241,704,36,No
CUST02995,48,148364,39722,670,60,No
CUST02996,49,54901,54431,695,48,Yes
CUST02997,29,166115,56543,714,24,No
CUST02998,58,158824,47000,590,36,No
CUST02999,26,70127,76975,706,24,No
CUST03000,39,18453,35921,789,60,No
CUST03001,64,93432,93747,608,24,Yes
CUST03002,31,140872,35614,703,48,No
CUST03003,22,105362,66189,777,48,No
CUST03004,64,28976,22601,593,36,Yes
CUST03005,64,132176,98332,740,36,No
CUST03006,29,117122,76543,663,36,No
CUST03007,41,88404,25514,756,60,No
CUST03008,44,99932,88312,618,60,Yes
CUST03009,54,115170,72612,679,60,Yes
CUST03010,42,95707,95886,566,60,Yes
CUST03011,23,111789,21292,713,24,No
CUST03012,32,114516,36510,714,24,No
CUST03013,48,151089,33000,721,60,No
CUST03014,50,25957,35383,717,60,Yes
CUST03015,46,125724,16785,673,48,Yes
CUST03016,41,153864,45910,569,48,No
CUST03017,48,31237,44028,754,36,No
CUST03018,46,69586,29855,677,24,No
CUST03019,53,37252,29281,710,48,No
CUST03020,41,159779,9841,666,60,No
CUST03021,55,21543,65155,827,36,No
CUST03022,54,122647,31918,637,36,No
CUST03023,61,53031,61313,635,36,No
CUST03024,38,83747,22443,563,12,Yes
CUST03025,31,73311,37250,688,36,No
CUST03026,43,83867,6922,819,72,No
CUST03027,42,106780,36976,689,60,Yes
CUST03028,37,75196,16991,697,60,Yes
CUST03029,25,91705,58744,753,48,No
CUST03030,64,75894,27733,692,36,No
CUST03031,31,105640,7473,770,72,No
CUST03032,50,32591,13108,781,36,No
CUST03033,35,115247,33715,636,60,No
CUST03034,47,18727,37210,573,60,Yes
CUST03035,55,170431,42317,732,36,No
CUST03036,53,61822,70516,704,36,No
CUST03037,40,121399,38362,602,36,No
CUST03038,36,130113,59604,629,24,No
CUST03039,54,148431,9889,629,36,No
CUST03040,22,160001,94557,691,60,No
CUST03041,55,146588,78748,755,60,Yes
CUST03042,60,78091,36971,759,36,No
CUST03043,48,172591,55551,739,36,No
CUST03044,59,166465,8201,658,48,No
CUST03045,26,112192,94882,847,36,Yes
CUST03046,29,128805,42958,682,36,Yes
CUST03047,40,177912,84251,651,48,No
CUST03048,21,136089,10681,578,36,Yes
CUST03049,28,107367,51870,654,24,Yes
CUST03050,43,31265,87256,713,36,Yes
CUST03051,23,154496,72203,561,36,No
CUST03052,24,169697,33152,608,36,Yes
CUST03053,45,97622,55061,645,36,Yes
CUST03054,58,178259,62619,622,36,No
CUST03055,35,53929,63235,616,60,Yes
CUST03056,41,79892,78740,764,60,No
CUST03057,55,169611,42890,556,48,No
CUST03058,34,74630,95073,693,36,No
CUST03059,56,158287,66401,719,12,No
CUST03060,32,149025,16217,644,36,No
CUST03061,37,105580,53351,663,60,No
CUST03062,59,95462,38741,677,36,No
CUST03063,29,131396,25654,728,48,No
CUST03064,55,115037,66314,795,24,No
CUST03065,33,113310,6408,584,60,No
CUST03066,35,174080,47903,611,60,No
CUST03067,38,66928,89208,615,24,No
CUST03068,53,107876,6218,679,48,No
CUST03069,26,42976,55572,650,12,Yes
CUST03070,47,142984,63798,730,48,No
CUST03071,43,176698,35105,631,24,No
CUST03072,47,116256,74634,613,24,Yes
CUST03073,54,118537,70063,623,12,No
CUST03074,58,153772,12619,689,60,No
CUST03075,34,127331,16939,752,60,No
CUST03076,56,25526,23226,677,12,Yes
CUST03077,28,121863,30322,638,48,No
CUST03078,55,91366,63215,603,36,Yes
CUST03079,39,74096,21878,790,36,No
CUST03080,50,156982,11560,548,60,No
CUST03081,34,89185,43278,666,24,No
CUST03082,40,68248,41212,735,48,No
CUST03083,45,151023,99835,665,36,Yes
CUST03084,60,97888,78079,638,24,No
CUST03085,44,112533,28946,720,36,No
CUST03086,34,59954,36740,598,60,Yes
CUST03087,46,107719,12253,549,60,No
CUST03088,58,157876,84311,706,24,No
CUST03089,43,18595,37813,605,60,Yes
CUST03090,42,47592,69331,690,60,No
CUST03091,39,58643,32632,671,36,No
CUST03092,23,80665,53365,700,36,No
CUST03093,62,169895,72593,663,24,No
CUST03094,39,23972,38431,721,36,Yes
CUST03095,29,33882,42436,627,48,No
CUST03096,48,172841,23413,739,36,No
CUST03097,40,43020,43485,589,12,No
CUST03098,65,120621,73232,768,36,No
CUST03099,27,103374,21101,834,36,No
CUST03100,34,62912,13831,688,48,No
CUST03101,29,30879,89583,798,48,No
CUST03102,39,51798,56897,817,12,No
CUST03103,34,125791,10004,656,36,No
CUST03104,58,93791,93241,684,36,No
CUST03105,56,84983,50924,619,60,Yes
CUST03106,60,151922,26509,624,36,No
CUST03107,37,177472,42170,697,24,No
CUST03108,50,29953,48555,557,12,Yes
CUST03109,29,124410,19662,743,36,No
CUST03110,53,143155,70930,693,24,No
CUST03111,45,172607,52403,731,48,No
CUST03112,34,99029,41365,666,60,No
CUST03113,31,22055,67188,730,36,No
CUST03114,55,56170,81060,699,48,Yes
CUST03115,61,117976,31673,718,60,No
CUST03116,34,46251,68471,748,36,No
CUST03117,50,153604,22156,585,12,No
CUST03118,61,153996,62287,627,24,Yes
CUST03119,24,66037,6645,850,60,No
CUST03120,24,110115,64076,696,60,No
CUST03121,48,95926,99585,551,24,Yes
CUST03122,28,88400,80351,552,24,No
CUST03123,22,117525,55151,674,60,No
CUST03124,61,119164,72384,641,36,No
CUST03125,42,159774,38541,620,60,No
CUST03126,61,124732,77847,814,24,No
CUST03127,36,33385,92099,652,72,Yes
CUST03128,49,27336,85739,742,60,No
CUST03129,50,83421,55955,699,24,No
CUST03130,32,54021,14290,658,48,No
CUST03131,55,152854,63942,594,24,No
CUST03132,31,135369,87667,738,36,Yes
CUST03133,41,67111,35143,504,48,Yes
CUST03134,41,107402,29509,745,36,No
CUST03135,25,137774,92780,691,48,Yes
CUST03136,40,60719,41741,726,36,No
CUST03137,57,143695,31898,681,48,No
CUST03138,23,152585,90674,587,36,Yes
CUST03139,64,162407,67948,710,60,No
CUST03140,53,122126,66768,744,24,No
CUST03141,29,95658,48262,644,36,No
CUST03142,29,49007,10506,729,36,No
CUST03143,24,124833,25605,702,36,No
CUST03144,55,136637,83590,714,36,No
CUST03145,37,138721,33231,616,36,No
CUST03146,54,111220,84397,776,72,No
CUST03147,44,44393,82123,702,24,Yes
CUST03148,52,75480,18515,742,60,No
CUST03149,21,135243,92211,651,48,No
CUST03150,28,106290,43622,754,36,No
CUST03151,65,122263,21600,648,48,No
CUST03152,43,158179,32892,613,60,No
CUST03153,60,23993,88279,813,36,No
CUST03154,32,111650,74310,502,60,No
CUST03155,32,135595,26801,850,24,No
CUST03156,35,70066,42695,733,48,Yes
CUST03157,61,129850,33853,656,36,No
CUST03158,39,60942,9429,704,36,No
CUST03159,46,34138,9606,733,48,No
CUST03160,49,136558,9478,655,36,No
CUST03161,42,27190,88816,833,36,No
CUST03162,60,110259,45134,791,36,No
CUST03163,41,96422,74963,850,48,No
CUST03164,58,100315,75897,588,36,Yes
CUST03165,40,47086,30475,696,36,No
CUST03166,49,166394,71177,576,24,Yes
CUST03167,24,143604,26730,598,60,No
CUST03168,27,118814,26113,656,60,No
CUST03169,48,137324,25011,657,24,No
CUST03170,48,146921,60746,708,36,No
CUST03171,24,21435,47853,672,36,No
CUST03172,42,119505,90195,740,60,No
CUST03173,32,71331,41818,704,60,No
CUST03174,65,178014,42321,804,12,No
CUST03175,23,178131,26309,742,60,No
CUST03176,42,131457,23688,592,12,No
CUST03177,64,70389,33176,669,36,No
CUST03178,22,71014,73879,674,60,Yes
CUST03179,44,48297,72592,713,60,Yes
CUST03180,54,61890,89728,761,60,Yes
CUST03181,47,39322,94012,701,36,No
CUST03182,61,53739,14416,723,36,No
CUST03183,21,158791,44994,595,60,No
CUST03184,28,97553,71422,646,48,No
CUST03185,43,26314,13584,537,36,No
CUST03186,58,111831,98302,713,36,No
CUST03187,26,93164,23830,743,60,No
CUST03188,42,125658,90825,581,60,No
CUST03189,45,95028,82066,692,48,Yes
CUST03190,38,54113,8591,672,60,No
CUST03191,37,135174,98878,807,12,No
CUST03192,32,164429,26395,613,48,No
CUST03193,26,38365,59182,749,48,No
CUST03194,46,57029,21738,766,12,No
CUST03195,47,19737,7631,665,60,No
CUST03196,28,149042,22905,702,60,No
CUST03197,39,103474,24056,761,36,No
CUST03198,62,96218,94082,598,60,No
CUST03199,21,176571,40447,648,48,No
CUST03200,49,146692,59418,694,48,No
CUST03201,65,146411,42190,835,60,No
CUST03202,55,18294,31014,650,36,No
CUST03203,60,42596,77999,660,60,No
CUST03204,34,116185,55278,796,36,No
CUST03205,55,29434,6780,730,60,No
CUST03206,65,76382,96643,844,36,No
CUST03207,40,56098,64258,762,24,No
CUST03208,33,22655,47192,669,36,Yes
CUST03209,58,101029,64300,658,36,No
CUST03210,28,64228,95504,618,24,Yes
CUST03211,63,21771,48923,582,24,No
CUST03212,40,92099,94196,706,60,No
CUST03213,53,138811,7395,727,60,No
CUST03214,46,80257,20779,736,60,No
CUST03215,59,35558,76028,671,60,Yes
CUST03216,41,76436,34722,825,60,No
CUST03217,62,125779,12111,578,12,No
CUST03218,63,142891,14984,570,60,No
CUST03219,61,50376,98176,619,60,Yes
CUST03220,29,95924,77328,680,24,Yes
CUST03221,44,47332,31924,598,48,No
CUST03222,57,149001,57703,781,36,No
CUST03223,61,64737,37577,625,60,Yes
CUST03224,37,148912,12711,611,48,No
CUST03225,44,107031,90548,759,72,Yes
CUST03226,41,38991,9096,696,24,Yes
CUST03227,59,45472,71555,739,12,Yes
CUST03228,61,77946,94848,676,72,Yes
CUST03229,59,175921,80012,700,24,No
CUST03230,33,19541,13254,572,36,Yes
CUST03231,31,147237,82120,669,48,No
CUST03232,39,20765,10965,601,60,No
CUST03233,31,61074,82000,827,36,No
CUST03234,33,120795,82975,777,12,Yes
CUST03235,65,178355,62987,631,36,No
CUST03236,21,119387,37963,664,36,No
CUST03237,60,149841,98976,668,36,Yes
CUST03238,64,166878,8273,842,60,No
CUST03239,39,20972,20330,710,60,No
CUST03240,32,167328,26494,648,60,No
CUST03241,28,121903,81422,691,24,No
CUST03242,28,167725,8212,565,48,No
CUST03243,65,121579,88441,674,72,Yes
CUST03244,32,57339,92594,599,48,Yes
CUST03245,53,174829,6080,541,24,No
CUST03246,65,121376,37675,829,72,No
CUST03247,46,60399,27007,678,36,Yes
CUST03248,59,62013,87641,622,60,Yes
CUST03249,48,163778,51815,553,24,No
CUST03250,25,45909,88482,663,48,No
CUST03251,28,175541,5639,669,60,No
CUST03252,45,150385,68593,737,48,No
CUST03253,47,156919,83038,608,36,Yes
CUST03254,43,159002,98899,640,24,No
CUST03255,50,21285,8736,611,36,No
CUST03256,65,141637,21473,664,36,No
CUST03257,43,53863,39019,531,48,No
CUST03258,40,165776,91623,620,24,Yes
CUST03259,38,167777,99025,727,24,Yes
CUST03260,38,149627,41820,588,36,No
CUST03261,22,39323,89861,755,36,Yes
CUST03262,24,88968,62589,746,48,Yes
CUST03263,50,71915,70807,752,48,No
CUST03264,53,127543,23414,680,60,No
CUST03265,56,159691,29220,673,36,No
CUST03266,38,126500,65531,704,36,No
CUST03267,57,170297,47425,779,36,Yes
CUST03268,39,129266,14387,772,12,No
CUST03269,48,44739,81815,555,48,Yes
CUST03270,60,146041,32584,614,60,No
CUST03271,40,71019,49783,601,12,No
CUST03272,53,25373,44809,735,12,Yes
CUST03273,32,38187,59327,629,48,No
CUST03274,35,85863,15857,665,48,No
CUST03275,61,115927,47261,808,36,No
CUST03276,59,102085,78588,764,48,No
CUST03277,22,135996,21995,783,72,No
CUST03278,49,57220,18580,626,36,No
CUST03279,61,148503,23240,472,36,No
CUST03280,30,25642,88446,650,24,No
CUST03281,22,97971,80752,572,48,Yes
CUST03282,31,73556,51111,534,36,No
CUST03283,33,56192,95447,765,72,No
CUST03284,30,153453,39866,613,48,No
CUST03285,34,168630,85974,620,36,No
CUST03286,38,48782,78401,653,24,No
CUST03287,29,22782,87093,803,48,No
CUST03288,59,168534,17211,668,36,No
CUST03289,48,78030,63985,751,60,No
CUST03290,23,74411,38268,656,36,No
CUST03291,40,115469,8646,561,36,No
CUST03292,26,64950,60371,591,48,No
CUST03293,47,151595,47816,680,24,No
CUST03294,22,158749,94460,688,48,No
CUST03295,49,164161,49112,721,12,No
CUST03296,58,153653,56048,721,48,No
CUST03297,23,160979,59911,748,48,No
CUST03298,36,154681,80446,622,36,Yes
CUST03299,50,68539,6778,817,48,No
CUST03300,60,40936,50752,824,12,No
CUST03301,22,68182,89977,641,36,No
CUST03302,37,129259,75726,620,36,No
CUST03303,61,113042,85840,546,36,No
CUST03304,32,31163,32289,693,72,No
CUST03305,55,161609,49788,714,24,No
CUST03306,63,40419,9747,637,48,No
CUST03307,21,139211,79822,701,36,No
CUST03308,65,140762,5045,576,36,No
CUST03309,35,18834,12758,753,60,No
CUST03310,46,50214,28437,640,24,Yes
CUST03311,57,20413,24585,702,60,No
CUST03312,41,27505,14854,696,12,No
CUST03313,51,120802,57076,533,36,Yes
CUST03314,45,151177,61950,743,60,No
CUST03315,43,146303,22349,621,24,No
CUST03316,44,132897,26348,695,60,No
CUST03317,58,76408,39296,574,24,Yes
CUST03318,48,134908,24455,644,60,No
CUST03319,41,97731,83824,707,36,Yes
CUST03320,63,83131,59021,599,48,Yes
CUST03321,38,82280,76923,603,60,Yes
CUST03322,56,33762,44293,689,36,No
CUST03323,55,135798,93552,667,36,Yes
CUST03324,65,134854,51116,706,60,Yes
CUST03325,29,76703,45484,652,24,Yes
CUST03326,58,81079,35215,728,48,No
CUST03327,50,39577,86638,637,60,No
CUST03328,64,19214,8404,725,48,Yes
CUST03329,54,104339,42260,612,24,No
CUST03330,52,66114,70642,634,24,No
CUST03331,23,81230,85731,735,36,Yes
CUST03332,23,85194,51009,641,36,Yes
CUST03333,48,130333,97689,592,24,Yes
CUST03334,64,55792,34605,810,60,No
CUST03335,35,63807,58205,677,36,No
CUST03336,61,143266,42569,715,60,No
CUST03337,43,171373,10580,510,60,Yes
CUST03338,60,154213,10400,780,60,No
CUST03339,31,122292,44643,850,36,No
CUST03340,52,140984,91173,773,48,No
CUST03341,56,31777,44015,784,36,No
CUST03342,53,56346,76713,649,36,No
CUST03343,44,72703,77805,699,48,Yes
CUST03344,59,112977,19974,717,60,No
CUST03345,54,65819,19037,628,24,No
CUST03346,48,177541,89292,671,36,Yes
CUST03347,57,152917,21167,605,24,No
CUST03348,27,128186,93754,650,60,No
CUST03349,24,41290,95703,743,60,Yes
CUST03350,57,130551,48148,548,12,Yes
CUST03351,21,179771,77153,751,36,No
CUST03352,21,116682,26534,562,60,No
CUST03353,40,152365,95995,684,36,No
CUST03354,39,136017,91078,691,48,No
CUST03355,49,137496,61879,723,24,Yes
CUST03356,30,75089,70839,666,36,No
CUST03357,38,165680,34756,602,36,No
CUST03358,48,146713,17683,694,60,No
CUST03359,55,34619,54485,843,36,No
CUST03360,63,96006,16025,679,36,No
CUST03361,51,32779,91426,614,36,Yes
CUST03362,47,39630,23715,645,48,No
CUST03363,31,123575,75097,691,60,No
CUST03364,58,133436,97943,660,60,Yes
CUST03365,25,161250,92116,649,12,No
CUST03366,28,169007,80705,780,60,No
CUST03367,54,40784,22116,719,24,No
CUST03368,32,172099,41744,671,36,No
CUST03369,58,130167,92579,672,60,No
CUST03370,21,85359,7124,693,24,Yes
CUST03371,51,96608,43051,722,12,No
CUST03372,24,33111,12176,776,36,No
CUST03373,65,42161,96310,649,48,Yes
CUST03374,25,136920,69818,605,36,No
CUST03375,50,122823,23676,638,36,No
CUST03376,44,143014,50177,614,60,No
CUST03377,23,148466,95296,566,60,Yes
CUST03378,31,85313,5997,786,60,No
CUST03379,65,173086,64330,744,36,No
CUST03380,24,98308,48769,509,12,Yes
CUST03381,46,64389,83653,696,24,Yes
CUST03382,47,167233,16231,652,60,No
CUST03383,63,125800,77976,643,60,Yes
CUST03384,47,156562,90447,494,72,Yes
CUST03385,62,137547,60965,678,24,No
CUST03386,26,42502,86144,686,24,No
CUST03387,35,53757,66517,592,24,No
CUST03388,50,59111,97693,802,24,No
CUST03389,62,116273,99315,739,36,No
CUST03390,57,76645,32387,600,72,No
CUST03391,57,128218,9090,757,48,No
CUST03392,62,77055,29945,645,36,No
CUST03393,57,137815,45239,759,48,No
CUST03394,55,158070,8743,572,12,No
CUST03395,43,177978,35924,693,60,No
CUST03396,26,119026,15196,589,48,No
CUST03397,24,88192,96815,617,24,No
CUST03398,38,70021,73860,535,48,Yes
CUST03399,29,47092,46400,587,48,No
CUST03400,49,150314,90177,587,12,Yes
CUST03401,33,124843,98018,578,36,Yes
CUST03402,37,150903,85399,694,36,No
CUST03403,65,68721,53795,548,36,No
CUST03404,52,46511,56553,702,36,No
CUST03405,42,90782,29111,755,48,No
CUST03406,24,115003,68083,613,36,No
CUST03407,25,167374,66600,674,48,No
CUST03408,57,73568,55022,655,72,Yes
CUST03409,61,152304,8199,649,48,No
CUST03410,33,120062,55897,488,48,Yes
CUST03411,54,122301,43038,595,60,No
CUST03412,65,69507,60038,790,48,No
CUST03413,42,142277,12897,704,24,No
CUST03414,43,147999,69541,662,36,Yes
CUST03415,23,118128,19892,528,60,Yes
CUST03416,62,28683,13271,724,60,No
CUST03417,54,41664,29815,612,72,No
CUST03418,52,120364,50612,587,48,No
CUST03419,65,82340,38357,595,60,No
CUST03420,41,105236,80088,718,12,No
CUST03421,64,29017,21267,675,48,No
CUST03422,41,54613,23268,745,60,No
CUST03423,64,48348,19263,764,36,No
CUST03424,31,165520,75935,625,24,Yes
CUST03425,59,27491,64660,677,36,No
CUST03426,24,139070,70527,657,60,No
CUST03427,21,76759,68379,578,24,No
CUST03428,48,150040,99542,589,48,No
CUST03429,44,18368,46271,668,24,Yes
CUST03430,55,53010,71612,676,36,Yes
CUST03431,33,53851,12235,676,72,No
CUST03432,54,140761,93757,676,24,Yes
CUST03433,31,174568,21417,619,12,No
CUST03434,56,145152,39609,839,36,No
CUST03435,37,96858,38902,697,48,No
CUST03436,55,85005,28645,637,36,No
CUST03437,38,55493,67873,710,48,No
CUST03438,60,28292,92218,616,72,Yes
CUST03439,42,110377,69558,682,36,Yes
CUST03440,44,177437,67233,710,36,No
CUST03441,39,166279,28401,721,36,No
CUST03442,57,119735,12771,586,36,No
CUST03443,59,40912,46335,850,12,No
CUST03444,41,98771,79451,769,48,No
CUST03445,28,125293,84434,832,72,No
CUST03446,48,117083,72449,661,36,Yes
CUST03447,25,131655,97604,699,48,Yes
CUST03448,37,168348,6942,683,12,Yes
CUST03449,57,115459,25388,639,48,Yes
CUST03450,56,154606,88251,737,36,No
CUST03451,39,129695,62042,614,48,Yes
CUST03452,47,52268,58740,732,48,Yes
CUST03453,54,125338,70873,643,24,Yes
CUST03454,31,44336,52024,710,60,No
CUST03455,65,21641,28450,790,48,No
CUST03456,32,105132,61965,670,36,No
CUST03457,41,50959,15057,739,60,No
CUST03458,31,162378,98249,642,12,No
CUST03459,59,92123,13983,591,48,No
CUST03460,48,39498,24995,805,36,No
CUST03461,25,88198,96628,736,36,Yes
CUST03462,37,45197,82681,670,36,Yes
CUST03463,40,169791,43886,732,36,No
CUST03464,61,126775,94025,604,12,No
CUST03465,32,43032,99020,713,48,No
CUST03466,26,77624,7673,696,48,Yes
CUST03467,37,96177,39890,729,48,No
CUST03468,39,59964,82513,803,60,No
CUST03469,46,179100,28466,789,60,No
CUST03470,64,129030,97545,576,48,Yes
CUST03471,64,72646,55406,530,48,No
CUST03472,52,99187,8688,698,12,No
CUST03473,26,157608,74284,693,60,Yes
CUST03474,56,135399,18665,595,60,No
CUST03475,58,74747,25641,608,12,Yes
CUST03476,31,63712,37500,622,48,No
CUST03477,53,155345,40797,780,60,No
CUST03478,44,89820,89766,645,24,Yes
CUST03479,43,143342,50950,567,36,No
CUST03480,35,109228,30046,675,36,No
CUST03481,47,92353,14638,680,36,No
CUST03482,31,110091,91363,603,12,No
CUST03483,37,103914,26173,724,36,No
CUST03484,34,124718,18222,765,36,No
CUST03485,47,166199,55064,653,60,No
CUST03486,38,29539,42010,567,36,No
CUST03487,48,64219,23095,659,36,No
CUST03488,24,163764,6439,703,36,Yes
CUST03489,27,31334,90550,518,24,Yes
CUST03490,65,177687,10375,716,72,No
CUST03491,55,25903,94023,652,60,Yes
CUST03492,29,177599,96238,683,48,No
CUST03493,28,164701,25600,658,36,No
CUST03494,65,76008,7466,623,48,No
CUST03495,37,117318,50097,672,36,No
CUST03496,37,175780,58276,642,12,No
CUST03497,53,159932,55117,653,36,No
CUST03498,52,166510,51971,614,72,No
CUST03499,28,85300,11928,720,24,No
CUST03500,39,147263,93016,773,36,Yes
CUST03501,58,38842,60309,615,12,No
CUST03502,23,60372,79647,671,24,No
CUST03503,25,132316,45888,598,48,No
CUST03504,33,116971,48832,709,36,No
CUST03505,51,56744,14404,697,60,No
CUST03506,36,134082,38639,637,36,No
CUST03507,52,75442,83118,674,24,No
CUST03508,42,147070,65598,745,48,No
CUST03509,49,103990,71399,559,60,Yes
CUST03510,42,139670,32684,583,12,No
CUST03511,63,124917,73591,724,36,No
CUST03512,23,21650,82722,684,60,No
CUST03513,30,63117,7682,675,24,Yes
CUST03514,62,109244,43046,751,60,No
CUST03515,41,21190,26832,733,36,No
CUST03516,36,66113,21997,809,24,No
CUST03517,32,157861,39640,747,48,No
CUST03518,22,50125,81882,719,24,Yes
CUST03519,61,148000,45491,676,48,No
CUST03520,44,166531,68043,669,36,No
CUST03521,55,129904,77725,680,24,No
CUST03522,50,36768,50520,697,60,Yes
CUST03523,50,99099,67919,589,48,No
CUST03524,55,176957,69442,700,48,No
CUST03525,39,105421,26770,662,36,No
CUST03526,28,24895,52498,707,24,No
CUST03527,46,89017,66477,637,48,Yes
CUST03528,60,41932,5244,631,60,No
CUST03529,27,39360,37788,697,24,No
CUST03530,50,72847,84453,716,36,No
CUST03531,27,108365,62737,635,36,Yes
CUST03532,23,103468,51489,779,36,No
CUST03533,21,56931,76303,778,60,No
CUST03534,56,73823,33390,561,24,No
CUST03535,45,56032,15247,622,24,No
CUST03536,57,36807,74051,689,12,No
CUST03537,21,160839,64719,708,36,Yes
CUST03538,35,157143,39678,840,36,No
CUST03539,57,71413,92802,691,60,No
CUST03540,33,175221,81286,671,60,No
CUST03541,60,33540,34583,595,24,Yes
CUST03542,28,88248,13076,561,60,No
CUST03543,25,128494,23006,670,48,No
CUST03544,29,103435,20051,834,36,No
CUST03545,21,37787,9314,664,12,Yes
CUST03546,56,38982,33670,622,24,No
CUST03547,55,40606,72551,714,36,Yes
CUST03548,22,159222,15236,530,60,No
CUST03549,60,130223,40568,686,36,No
CUST03550,43,64936,65314,742,60,No
CUST03551,29,111286,96903,609,60,No
CUST03552,54,157665,21352,783,36,No
CUST03553,34,166430,50650,729,60,No
CUST03554,24,55381,15346,783,24,No
CUST03555,50,139465,30156,577,12,No
CUST03556,51,46074,60904,666,48,No
CUST03557,58,169667,19035,749,36,No
CUST03558,31,62194,21108,568,36,Yes
CUST03559,55,44853,7853,751,48,No
CUST03560,28,91719,89156,667,60,No
CUST03561,23,169733,9176,750,36,No
CUST03562,34,136724,30920,696,36,No
CUST03563,33,31703,59850,786,48,No
CUST03564,65,179887,11829,583,48,No
CUST03565,52,178637,95666,705,24,No
CUST03566,54,135491,78927,567,60,No
CUST03567,65,76453,89860,711,48,No
CUST03568,39,106478,45667,705,48,No
CUST03569,58,51161,70842,659,60,No
CUST03570,36,132296,40843,621,60,No
CUST03571,22,158788,55808,656,24,No
CUST03572,60,51349,35543,687,24,No
CUST03573,37,65098,77780,701,60,Yes
CUST03574,54,126435,11611,825,72,No
CUST03575,62,149204,93242,746,48,No
CUST03576,36,69990,89612,636,36,Yes
CUST03577,58,86921,51902,723,48,No
CUST03578,22,118572,38043,746,24,No
CUST03579,22,25213,10271,631,72,No
CUST03580,46,142693,77867,733,36,Yes
CUST03581,33,109655,82089,568,60,Yes
CUST03582,51,86371,63745,628,36,No
CUST03583,54,86274,67077,573,60,Yes
CUST03584,59,125853,64119,664,36,No
CUST03585,23,22134,16573,644,60,No
CUST03586,28,109428,26409,650,72,No
CUST03587,43,57601,90970,741,48,Yes
CUST03588,34,91889,29464,687,48,No
CUST03589,47,33690,47840,740,24,No
CUST03590,49,19909,53785,802,36,No
CUST03591,59,109239,25662,837,60,No
CUST03592,59,98032,23228,670,36,No
CUST03593,21,30062,65721,720,60,No
CUST03594,37,93386,54223,668,48,No
CUST03595,61,154225,12386,756,24,No
CUST03596,50,159553,11862,741,36,Yes
CUST03597,33,117270,45108,630,36,No
CUST03598,41,84425,96788,641,24,No
CUST03599,39,102981,80023,784,60,Yes
CUST03600,39,122470,85140,639,60,Yes
CUST03601,45,177277,87963,672,36,No
CUST03602,42,106887,32201,731,36,Yes
CUST03603,51,99542,73578,668,48,No
CUST03604,37,67112,54966,795,36,No
CUST03605,43,160012,59774,757,24,No
CUST03606,52,77010,15386,614,36,No
CUST03607,30,42485,82228,636,60,Yes
CUST03608,30,107299,20225,724,12,Yes
CUST03609,56,123584,21693,676,36,No
CUST03610,28,150139,77197,534,72,Yes
CUST03611,40,38607,48021,607,12,No
CUST03612,52,79597,23261,698,60,No
CUST03613,34,92554,32378,747,36,No
CUST03614,48,33187,91755,748,24,Yes
CUST03615,44,21985,16937,827,12,No
CUST03616,35,168635,71330,628,12,No
CUST03617,42,69514,52366,632,24,No
CUST03618,50,36608,77322,678,12,No
CUST03619,24,89327,45160,554,36,Yes
CUST03620,33,35221,50313,680,12,No
CUST03621,43,66506,32032,665,48,No
CUST03622,28,38968,96963,739,60,Yes
CUST03623,38,145677,22358,752,60,No
CUST03624,32,177009,66710,707,48,No
CUST03625,51,120951,91157,680,60,No
CUST03626,34,126306,53821,707,12,No
CUST03627,54,61601,33365,621,24,No
CUST03628,38,90178,18189,674,36,No
CUST03629,54,177826,81749,681,60,Yes
CUST03630,31,87893,12248,674,60,No
CUST03631,61,104799,9369,667,48,No
CUST03632,32,66367,68763,633,36,No
CUST03633,35,31201,13050,603,48,No
CUST03634,51,151811,33605,665,24,No
CUST03635,49,31231,54616,725,36,No
CUST03636,46,170240,59479,550,36,No
CUST03637,38,159707,85934,643,24,No
CUST03638,52,27964,45883,835,12,No
CUST03639,42,176857,38055,666,60,No
CUST03640,58,30336,73731,691,48,Yes
CUST03641,37,95475,95987,818,36,Yes
CUST03642,43,176484,12450,704,36,No
CUST03643,44,100212,7925,706,72,No
CUST03644,28,93379,85051,612,36,No
CUST03645,61,63591,55272,703,24,Yes
CUST03646,26,79750,10310,679,36,No
CUST03647,25,108648,36817,749,48,No
CUST03648,64,114134,97944,776,12,No
CUST03649,49,116537,49528,682,36,No
CUST03650,48,80672,60779,709,36,Yes
CUST03651,31,45228,89816,538,36,No
CUST03652,21,32429,87641,512,36,Yes
CUST03653,63,102294,89083,762,48,No
CUST03654,39,133577,81310,493,60,Yes
CUST03655,29,106074,20457,705,60,No
CUST03656,47,86936,47311,667,48,No
CUST03657,54,75378,8980,772,36,Yes
CUST03658,64,55310,25886,677,60,No
CUST03659,24,119827,82112,815,60,Yes
CUST03660,56,117862,55877,665,60,No
CUST03661,38,56889,41181,766,24,No
CUST03662,35,69428,38262,568,12,No
CUST03663,33,128502,5947,507,72,No
CUST03664,39,68255,5022,678,72,No
CUST03665,26,123824,6128,575,48,No
CUST03666,32,23409,84522,676,72,No
CUST03667,57,60438,37322,649,60,No
CUST03668,37,25869,53929,725,36,No
CUST03669,43,43958,86696,600,36,No
CUST03670,46,168840,14808,712,48,Yes
CUST03671,49,175217,57882,745,36,No
CUST03672,53,93622,26725,665,72,No
CUST03673,47,44442,77534,716,36,Yes
CUST03674,45,99948,44950,607,60,No
CUST03675,30,43596,93954,651,60,No
CUST03676,43,93791,88576,579,12,No
CUST03677,41,60406,25557,850,24,No
CUST03678,41,58524,26825,772,48,No
CUST03679,63,172404,13998,805,36,No
CUST03680,33,128160,41080,771,48,No
CUST03681,57,164836,62797,630,24,No
CUST03682,53,176635,20802,565,36,No
CUST03683,44,23062,16167,648,24,No
CUST03684,64,62645,47407,716,36,Yes
CUST03685,31,140759,18338,658,24,No
CUST03686,37,25244,81289,512,72,Yes
CUST03687,24,155444,76520,736,36,No
CUST03688,45,103501,23895,560,60,No
CUST03689,50,135450,52910,648,72,No
CUST03690,29,34956,70898,811,60,No
CUST03691,41,162966,8454,684,36,No
CUST03692,40,34709,91540,761,60,Yes
CUST03693,39,136428,65797,706,24,No
CUST03694,39,33210,88137,604,24,No
CUST03695,32,120081,55637,735,60,No
CUST03696,57,118025,10349,675,12,No
CUST03697,62,166805,44963,569,72,No
CUST03698,37,169152,80583,556,48,Yes
CUST03699,57,142476,12750,709,36,No
CUST03700,59,77846,99929,841,24,No
CUST03701,48,83480,27463,599,48,Yes
CUST03702,61,70960,79935,608,48,No
CUST03703,55,176322,63792,710,48,No
CUST03704,38,103765,18686,581,36,Yes
CUST03705,34,135265,68528,850,12,No
CUST03706,55,66137,27787,615,36,No
CUST03707,64,136922,19776,643,36,Yes
CUST03708,61,139280,62427,620,12,No
CUST03709,27,61876,66086,750,12,No
CUST03710,61,112547,68308,842,36,No
CUST03711,33,68227,20797,627,48,No
CUST03712,38,102433,10302,745,48,No
CUST03713,57,91704,68172,582,36,No
CUST03714,33,24861,43059,752,48,No
CUST03715,56,79914,5908,812,48,No
CUST03716,51,81888,65252,789,36,No
CUST03717,22,97286,85659,690,36,Yes
CUST03718,36,79293,17877,603,36,No
CUST03719,29,86515,19239,680,24,No
CUST03720,29,172596,91971,657,36,No
CUST03721,58,25065,32313,646,36,No
CUST03722,31,106720,47103,695,48,No
CUST03723,42,76876,53408,675,60,No
CUST03724,53,172776,88251,733,36,No
CUST03725,56,154694,93771,734,48,No
CUST03726,65,101797,96665,675,60,Yes
CUST03727,43,109141,15534,712,24,Yes
CUST03728,65,120390,48060,779,60,No
CUST03729,65,114856,22189,640,12,No
CUST03730,54,84201,91067,681,60,No
CUST03731,29,107766,15967,603,24,No
CUST03732,44,40995,86991,716,36,No
CUST03733,28,110320,70563,695,48,Yes
CUST03734,27,98141,13660,715,60,Yes
CUST03735,56,157491,95875,606,36,Yes
CUST03736,38,88799,44823,737,60,No
CUST03737,23,63687,60842,688,48,Yes
CUST03738,48,55276,14616,757,24,No
CUST03739,26,52523,80976,647,36,No
CUST03740,64,72615,53738,731,36,Yes
CUST03741,64,28514,18107,713,36,No
CUST03742,41,65456,66404,794,60,No
CUST03743,48,25233,99182,671,60,No
CUST03744,60,19102,96787,638,48,No
CUST03745,21,84133,20954,643,72,No
CUST03746,56,64715,21943,597,12,No
CUST03747,41,128545,45725,642,12,No
CUST03748,63,122085,50434,504,60,Yes
CUST03749,55,127101,90751,783,60,No
CUST03750,33,155328,15110,825,24,No
CUST03751,30,126684,92091,669,36,Yes
CUST03752,64,82800,21462,713,60,No
CUST03753,30,112937,84232,692,24,No
CUST03754,33,59548,59081,582,36,No
CUST03755,57,146845,57799,757,48,No
CUST03756,58,131815,71567,768,72,Yes
CUST03757,44,145602,94301,602,60,No
CUST03758,22,144270,56224,705,60,No
CUST03759,42,144320,61063,660,36,No
CUST03760,37,175277,60240,769,48,No
CUST03761,56,43570,86352,674,24,No
CUST03762,34,179327,22868,676,72,No
CUST03763,30,39182,80973,817,36,Yes
CUST03764,55,57373,85989,584,48,Yes
CUST03765,45,61019,27222,699,60,No
CUST03766,23,34043,84794,687,12,No
CUST03767,58,37239,68924,635,72,Yes
CUST03768,37,159488,83513,833,36,No
CUST03769,32,152484,59649,705,36,No
CUST03770,44,99976,88749,730,24,No
CUST03771,49,42406,15223,741,60,No
CUST03772,63,19875,53166,656,60,Yes
CUST03773,45,154824,44369,773,12,No
CUST03774,56,150425,91379,758,12,No
CUST03775,46,176058,74392,671,60,No
CUST03776,58,32691,64526,750,24,Yes
CUST03777,21,66075,17661,773,48,No
CUST03778,40,28794,20591,740,48,No
CUST03779,48,165478,76718,617,60,No
CUST03780,36,93930,60235,673,48,No
CUST03781,37,175944,12970,716,36,No
CUST03782,60,59708,52922,699,72,Yes
CUST03783,48,133492,35755,624,24,No
CUST03784,32,124629,24416,659,36,No
CUST03785,47,169872,18672,706,24,Yes
CUST03786,62,141313,88468,567,72,Yes
CUST03787,50,39352,51996,681,48,No
CUST03788,61,119975,79095,732,12,Yes
CUST03789,54,111848,5064,701,48,No
CUST03790,57,164510,73835,616,36,No
CUST03791,26,62999,75385,629,72,Yes
CUST03792,27,36482,10639,792,36,No
CUST03793,52,65279,16055,610,48,Yes
CUST03794,52,127413,64220,769,48,No
CUST03795,45,72213,92594,633,12,No
CUST03796,53,131909,34427,765,60,No
CUST03797,27,31026,87516,721,24,Yes
CUST03798,32,103184,69666,654,48,No
CUST03799,36,23435,69274,548,60,No
CUST03800,36,157565,15866,710,48,No
CUST03801,63,77321,8889,694,24,No
CUST03802,56,151835,53226,711,72,No
CUST03803,33,38389,36335,720,36,No
CUST03804,27,49498,55547,581,48,No
CUST03805,56,81755,31162,709,60,Yes
CUST03806,29,119545,94449,736,60,No
CUST03807,52,53825,29687,735,48,No
CUST03808,31,34934,15995,586,36,No
CUST03809,28,23574,61488,767,60,No
CUST03810,53,148698,7631,712,24,No
CUST03811,43,150659,39954,722,12,No
CUST03812,45,60782,10967,613,60,No
CUST03813,28,78561,93294,737,48,Yes
CUST03814,65,153481,92278,551,12,No
CUST03815,42,145159,69471,616,48,No
CUST03816,24,44751,42116,775,24,Yes
CUST03817,60,56174,97116,733,12,Yes
CUST03818,23,140678,39227,702,24,No
CUST03819,49,74572,6942,751,60,No
CUST03820,61,79416,52664,756,60,No
CUST03821,49,161113,33069,737,48,No
CUST03822,54,172299,92342,664,24,No
CUST03823,54,53201,19407,614,60,No
CUST03824,48,54069,64201,630,36,Yes
CUST03825,33,44370,85093,786,36,No
CUST03826,35,143342,59348,584,60,No
CUST03827,43,160658,86981,717,36,No
CUST03828,64,143758,22878,717,48,No
CUST03829,46,154394,88100,790,72,No
CUST03830,24,83294,83629,717,36,No
CUST03831,46,97468,60420,648,48,No
CUST03832,60,178371,96987,649,48,No
CUST03833,29,108715,48168,680,36,Yes
CUST03834,25,88793,59862,765,60,No
CUST03835,52,129672,94622,740,48,No
CUST03836,40,158849,87025,599,24,No
CUST03837,31,160321,33004,701,12,No
CUST03838,35,138902,25471,742,72,No
CUST03839,52,39390,96820,662,48,Yes
CUST03840,48,38369,65167,518,24,No
CUST03841,42,161953,88828,665,36,No
CUST03842,61,27587,70308,569,48,Yes
CUST03843,37,125009,88969,557,24,No
CUST03844,46,156905,19568,760,12,No
CUST03845,64,65013,14466,850,60,No
CUST03846,27,135341,96057,782,48,No
CUST03847,62,145785,62324,484,36,Yes
CUST03848,46,164826,20467,667,12,No
CUST03849,45,125584,80955,636,36,No
CUST03850,30,96113,57948,570,36,No
CUST03851,65,104784,21676,715,36,No
CUST03852,39,53282,99791,666,36,No
CUST03853,31,42124,36514,593,24,No
CUST03854,33,88102,27650,526,36,No
CUST03855,28,151268,93290,634,72,Yes
CUST03856,60,79527,82701,681,36,Yes
CUST03857,24,148371,15683,671,36,Yes
CUST03858,51,148942,64819,760,36,No
CUST03859,48,114651,85978,705,36,Yes
CUST03860,31,103395,9860,654,60,No
CUST03861,63,29345,8729,619,36,No
CUST03862,21,142544,36351,547,60,No
CUST03863,58,52077,67744,598,24,Yes
CUST03864,44,148429,29346,782,60,No
CUST03865,51,30055,79155,745,24,No
CUST03866,61,121693,81700,702,12,No
CUST03867,46,103283,11955,643,24,No
CUST03868,25,62484,70642,773,24,No
CUST03869,40,95514,75290,604,36,No
CUST03870,61,108135,49293,605,36,Yes
CUST03871,31,53771,66336,673,48,Yes
CUST03872,53,128284,26662,516,12,Yes
CUST03873,58,135399,11408,602,36,No
CUST03874,47,122885,45403,662,36,No
CUST03875,54,178449,6225,645,48,No
CUST03876,35,147344,17196,606,12,No
CUST03877,52,160832,74786,833,12,No
CUST03878,41,131226,20372,782,36,No
CUST03879,25,117250,22279,809,60,No
CUST03880,26,43762,59240,673,48,No
CUST03881,58,154016,97404,643,12,No
CUST03882,42,66825,43187,800,24,No
CUST03883,38,31877,53481,686,24,Yes
CUST03884,34,179062,33475,600,36,No
CUST03885,30,147065,49552,606,48,Yes
CUST03886,33,126443,72969,656,24,No
CUST03887,51,117612,81534,678,36,Yes
CUST03888,50,135674,11858,686,48,No
CUST03889,23,133074,79486,666,36,Yes
CUST03890,50,152330,79474,850,24,No
CUST03891,26,49629,30168,579,36,No
CUST03892,49,172030,37099,730,36,No
CUST03893,28,33775,76180,644,60,No
CUST03894,64,171625,66455,677,60,Yes
CUST03895,65,18055,59240,751,24,No
CUST03896,63,106697,79796,546,24,No
CUST03897,64,119505,59592,609,36,No
CUST03898,53,98720,52458,670,36,No
CUST03899,37,96199,63046,791,60,No
CUST03900,31,174390,21488,790,36,No
CUST03901,33,51734,63841,776,60,No
CUST03902,31,167594,5395,515,36,No
CUST03903,51,160728,57669,601,60,Yes
CUST03904,48,164965,15845,604,48,No
CUST03905,64,34493,41059,676,48,No
CUST03906,26,152704,23394,541,36,No
CUST03907,61,113872,98993,762,60,No
CUST03908,36,79779,50906,530,36,No
CUST03909,24,162338,64332,757,60,No
CUST03910,55,139187,42305,745,48,No
CUST03911,46,134603,47628,598,36,No
CUST03912,32,79607,26352,775,72,No
CUST03913,31,34940,91682,655,60,No
CUST03914,57,173075,87971,636,60,No
CUST03915,45,145880,56993,648,36,No
CUST03916,38,116408,44386,655,72,No
CUST03917,39,52815,61624,662,60,No
CUST03918,43,179941,62065,663,48,No
CUST03919,58,67297,90504,613,60,Yes
CUST03920,38,78107,13539,631,24,No
CUST03921,46,100793,6263,637,24,No
CUST03922,26,165754,18305,805,48,No
CUST03923,24,37622,58817,637,12,No
CUST03924,64,48408,29398,632,48,Yes
CUST03925,49,157909,80801,794,36,No
CUST03926,54,164479,54107,656,24,No
CUST03927,37,178381,37152,613,36,No
CUST03928,63,111190,98260,597,36,No
CUST03929,63,167967,35624,573,24,Yes
CUST03930,36,18370,61132,721,12,No
CUST03931,22,132212,57979,545,36,No
CUST03932,54,18486,63013,781,60,Yes
CUST03933,28,41762,99925,673,60,Yes
CUST03934,33,44613,68797,647,24,No
CUST03935,62,21196,56798,663,36,No
CUST03936,28,118565,21650,715,36,No
CUST03937,50,94349,31014,645,36,No
CUST03938,52,82839,81421,666,60,Yes
CUST03939,56,26572,12434,759,36,Yes
CUST03940,50,177297,35028,706,36,No
CUST03941,21,63853,71558,586,24,Yes
CUST03942,63,90379,29331,627,72,No
CUST03943,59,150177,72573,546,36,No
CUST03944,37,134074,79292,726,48,No
CUST03945,40,61209,51326,734,36,No
CUST03946,44,167123,87979,610,36,Yes
CUST03947,42,112244,9123,850,60,No
CUST03948,49,118300,21603,850,12,No
CUST03949,42,132682,70941,682,48,No
CUST03950,64,75175,47597,620,48,Yes
CUST03951,29,155921,68238,701,24,No
CUST03952,57,119551,89238,618,24,Yes
CUST03953,30,36976,47719,751,48,No
CUST03954,56,148617,96786,692,36,No
CUST03955,57,117794,46751,698,36,No
CUST03956,48,74866,91978,812,12,No
CUST03957,48,135752,22693,634,60,Yes
CUST03958,62,65078,94541,637,60,No
CUST03959,63,49113,42697,744,60,No
CUST03960,41,33401,99524,648,36,Yes
CUST03961,44,161956,34992,800,48,No
CUST03962,62,165214,68825,755,36,No
CUST03963,60,89492,14522,652,24,No
CUST03964,22,94693,50406,544,60,No
CUST03965,28,53135,17121,571,60,No
CUST03966,47,45862,19219,644,60,No
CUST03967,42,154262,6617,710,36,No
CUST03968,57,88199,48016,763,60,Yes
CUST03969,47,123366,55672,664,60,No
CUST03970,49,22331,29276,613,36,No
CUST03971,23,62648,77240,669,24,Yes
CUST03972,64,46549,60735,682,36,No
CUST03973,33,43761,22959,778,24,Yes
CUST03974,65,21262,33522,774,60,No
CUST03975,30,90572,61087,605,36,Yes
CUST03976,56,105858,14953,714,48,No
CUST03977,29,102667,31567,616,48,Yes
CUST03978,47,22677,65523,618,36,No
CUST03979,54,148334,67708,758,24,No
CUST03980,21,119437,27560,665,72,No
CUST03981,52,167667,63390,728,24,No
CUST03982,45,78148,73149,720,60,No
CUST03983,49,64926,41660,674,60,No
CUST03984,27,93271,50104,705,24,No
CUST03985,23,52457,62805,695,60,No
CUST03986,40,60531,29496,594,36,No
CUST03987,40,146027,88301,717,48,No
CUST03988,50,63771,96257,627,48,No
CUST03989,55,111135,8515,600,36,No
CUST03990,55,84354,9454,744,24,No
CUST03991,59,130743,27873,636,60,No
CUST03992,47,51892,78920,763,48,No
CUST03993,46,147662,18727,762,24,No
CUST03994,34,113057,74070,644,48,Yes
CUST03995,37,56409,54979,760,48,No
CUST03996,38,167457,30465,651,48,No
CUST03997,65,172368,58900,675,24,No
CUST03998,49,136566,64799,717,36,No
CUST03999,40,79716,26330,833,12,Yes
CUST04000,47,107152,13302,751,36,No
CUST04001,38,44382,83443,676,60,No
CUST04002,24,94675,94966,688,12,No
CUST04003,21,40419,77717,561,36,Yes
CUST04004,21,99238,17875,755,60,No
CUST04005,46,30397,32219,747,12,No
CUST04006,65,75888,41182,701,12,No
CUST04007,40,53169,85541,734,48,No
CUST04008,43,80182,47269,528,60,No
CUST04009,30,110476,84781,599,60,Yes
CUST04010,31,60249,11457,815,60,No
CUST04011,61,177413,11749,661,36,No
CUST04012,61,93603,38064,737,60,No
CUST04013,25,97360,14821,624,12,No
CUST04014,21,31444,83655,647,36,Yes
CUST04015,37,141662,12664,819,36,No
CUST04016,42,116843,34281,668,24,Yes
CUST04017,54,28974,36821,719,36,No
CUST04018,65,130150,29647,690,48,No
CUST04019,61,112826,74918,698,36,Yes
CUST04020,49,115648,86985,696,36,No
CUST04021,24,152028,87799,532,60,Yes
CUST04022,25,157149,95179,716,48,No
CUST04023,31,54490,79944,640,36,No
CUST04024,41,142713,94142,813,36,No
CUST04025,55,73612,32603,622,36,Yes
CUST04026,32,118474,51458,645,24,No
CUST04027,46,54159,75605,850,60,No
CUST04028,39,57710,24623,734,12,No
CUST04029,65,162878,49440,606,24,No
CUST04030,27,131096,87427,693,24,No
CUST04031,27,125412,12704,588,60,No
CUST04032,46,112924,98826,699,12,No
CUST04033,60,24458,32460,620,48,No
CUST04034,25,148993,88045,820,12,No
CUST04035,41,53524,87805,712,60,Yes
CUST04036,34,155925,78511,720,60,No
CUST04037,24,58477,11565,751,36,No
CUST04038,43,50222,93003,760,60,Yes
CUST04039,62,36320,9870,628,48,No
CUST04040,40,112154,23909,687,60,No
CUST04041,35,70243,14117,647,60,No
CUST04042,65,166424,72474,837,24,No
CUST04043,49,90833,98926,509,36,Yes
CUST04044,28,111476,49322,637,72,No
CUST04045,61,132560,25128,674,36,No
CUST04046,39,152275,74001,690,72,No
CUST04047,59,57267,5440,689,48,No
CUST04048,48,55941,65955,677,36,No
CUST04049,47,100809,54613,668,48,No
CUST04050,24,43368,75949,698,60,No
CUST04051,35,95186,16663,715,36,No
CUST04052,55,48984,24547,814,12,No
CUST04053,57,18801,86662,814,48,No
CUST04054,21,124538,5005,703,72,No
CUST04055,23,130201,12038,643,48,No
CUST04056,44,65965,11414,648,24,No
CUST04057,47,103269,92659,581,36,Yes
CUST04058,60,159041,74506,751,60,No
CUST04059,56,53969,81586,677,12,Yes
CUST04060,54,109679,7606,713,48,No
CUST04061,49,174777,21482,705,24,No
CUST04062,44,46363,76873,628,36,Yes
CUST04063,44,179792,38948,618,36,Yes
CUST04064,62,159044,94987,646,24,No
CUST04065,24,51351,96801,716,60,Yes
CUST04066,23,129023,96250,674,36,No
CUST04067,54,105948,25875,548,36,No
CUST04068,43,74235,18057,603,36,No
CUST04069,43,32855,37400,660,60,No
CUST04070,65,168641,76458,678,48,Yes
CUST04071,25,143074,73607,719,12,No
CUST04072,51,72437,92561,683,12,No
CUST04073,61,174810,32503,653,48,No
CUST04074,26,155844,28765,650,60,No
CUST04075,57,108410,51612,695,36,No
CUST04076,30,37731,89335,711,36,No
CUST04077,60,159203,98012,655,60,No
CUST04078,27,84324,86748,599,48,No
CUST04079,59,99720,14428,673,48,Yes
CUST04080,58,114433,36419,631,24,No
CUST04081,41,20889,70195,702,24,No
CUST04082,40,27569,78695,791,36,No
CUST04083,23,105193,94846,579,24,No
CUST04084,42,103192,44142,766,72,Yes
CUST04085,24,105154,76540,715,12,No
CUST04086,48,126073,43289,763,48,No
CUST04087,32,25612,81948,647,36,No
CUST04088,58,69644,63951,572,36,Yes
CUST04089,56,50069,16755,693,60,No
CUST04090,61,99741,89553,785,48,No
CUST04091,25,176403,8890,600,72,No
CUST04092,33,73897,99376,612,24,No
CUST04093,43,163006,22175,724,24,No
CUST04094,50,159167,79727,642,24,No
CUST04095,57,120544,70687,805,36,Yes
CUST04096,45,36706,89983,729,36,No
CUST04097,47,121602,93287,626,60,No
CUST04098,34,52629,99711,638,36,Yes
CUST04099,56,142746,29288,641,60,No
CUST04100,59,38431,51629,677,36,Yes
CUST04101,36,58088,52800,703,48,No
CUST04102,42,49385,42367,697,36,No
CUST04103,41,88199,82810,596,24,Yes
CUST04104,41,56677,82754,748,60,Yes
CUST04105,28,136104,94328,658,24,No
CUST04106,36,30818,73513,610,60,Yes
CUST04107,51,81001,87762,645,48,Yes
CUST04108,62,173049,34022,756,60,No
CUST04109,30,67832,74329,694,48,Yes
CUST04110,52,58931,64414,701,36,No
CUST04111,54,101990,6659,592,48,No
CUST04112,29,90204,62941,690,12,Yes
CUST04113,37,63784,42930,755,36,Yes
CUST04114,31,124305,48473,545,24,No
CUST04115,52,27921,60598,651,36,Yes
CUST04116,30,52959,21040,727,24,Yes
CUST04117,42,50328,74806,692,72,No
CUST04118,37,157931,18286,604,36,No
CUST04119,24,107506,74139,710,60,Yes
CUST04120,45,92408,60916,592,12,No
CUST04121,41,141852,22600,615,48,No
CUST04122,57,44708,7291,623,36,No
CUST04123,58,36847,18123,796,36,No
CUST04124,21,73989,8811,555,60,No
CUST04125,45,143383,83883,560,72,Yes
CUST04126,56,22922,36276,701,36,No
CUST04127,37,70335,59145,688,60,Yes
CUST04128,61,144913,51619,645,48,Yes
CUST04129,44,162613,86049,681,72,Yes
CUST04130,22,37551,75678,600,48,Yes
CUST04131,60,168453,93782,687,72,No
CUST04132,35,131319,96043,696,60,Yes
CUST04133,52,73673,31714,771,24,No
CUST04134,59,119531,60685,823,36,No
CUST04135,26,40948,17194,660,36,No
CUST04136,21,110264,78062,585,48,No
CUST04137,43,77072,69037,709,60,No
CUST04138,59,85560,24362,670,60,No
CUST04139,37,151558,59499,667,48,No
CUST04140,54,84691,51281,559,36,No
CUST04141,61,159154,67813,687,24,No
CUST04142,49,120781,49852,712,24,No
CUST04143,29,102105,52836,755,60,No
CUST04144,33,25086,9595,642,24,No
CUST04145,26,145818,20402,618,24,No
CUST04146,26,85853,70283,641,36,Yes
CUST04147,40,119925,97676,750,12,Yes
CUST04148,23,88027,93131,784,24,Yes
CUST04149,37,33916,47723,764,24,No
CUST04150,32,33248,56322,729,72,Yes
CUST04151,65,42226,51764,678,24,No
CUST04152,21,174097,29911,689,60,No
CUST04153,37,66380,96288,700,24,No
CUST04154,23,25848,24405,661,60,No
CUST04155,46,32274,63122,747,48,Yes
CUST04156,35,72545,94756,556,60,No
CUST04157,56,114494,8447,570,60,No
CUST04158,52,133981,58143,556,48,No
CUST04159,52,34304,67906,620,60,Yes
CUST04160,24,29294,15662,781,48,No
CUST04161,38,44425,68001,591,48,Yes
CUST04162,39,128777,63282,594,36,No
CUST04163,63,158497,9899,618,60,No
CUST04164,55,109549,33582,763,60,No
CUST04165,60,111464,72471,788,24,No
CUST04166,34,124748,47213,756,48,No
CUST04167,53,86295,80871,761,60,No
CUST04168,34,34091,88205,804,60,No
CUST04169,54,137943,79081,545,72,Yes
CUST04170,24,149074,88805,588,36,No
CUST04171,44,68411,42830,627,36,Yes
CUST04172,49,113696,12066,688,36,No
CUST04173,39,169779,15712,688,36,No
CUST04174,26,164320,86527,689,36,No
CUST04175,53,89309,70365,743,48,No
CUST04176,60,164109,92185,536,24,Yes
CUST04177,39,85421,35806,669,36,No
CUST04178,21,58612,17210,700,24,No
CUST04179,25,31450,41972,656,48,Yes
CUST04180,47,27491,39136,694,36,No
CUST04181,36,135026,49297,757,24,No
CUST04182,26,92804,20945,685,36,No
CUST04183,60,111293,47477,840,12,No
CUST04184,33,137498,84180,751,60,No
CUST04185,55,155863,75453,700,36,Yes
CUST04186,39,123475,90404,718,60,No
CUST04187,32,46314,82413,736,36,No
CUST04188,36,69883,18224,806,60,No
CUST04189,63,105086,8052,768,36,No
CUST04190,30,119291,32272,719,24,No
CUST04191,45,27967,46150,625,60,No
CUST04192,40,61220,22316,711,24,No
CUST04193,51,154019,58389,723,60,No
CUST04194,24,74131,68332,738,36,Yes
CUST04195,64,46876,12240,625,60,No
CUST04196,43,119448,73774,735,60,No
CUST04197,22,169043,48175,740,72,No
CUST04198,42,67228,5565,589,36,No
CUST04199,57,92495,92298,590,36,Yes
CUST04200,28,46261,76094,764,72,Yes
CUST04201,27,124601,21375,616,60,No
CUST04202,34,79260,30710,795,12,No
CUST04203,23,152418,54895,659,48,Yes
CUST04204,36,74176,81639,709,24,No
CUST04205,39,70300,20174,705,72,No
CUST04206,38,160412,92329,626,24,No
CUST04207,36,51012,32597,784,48,No
CUST04208,28,120153,79289,659,48,Yes
CUST04209,53,174629,43397,684,60,No
CUST04210,32,91273,76854,531,60,Yes
CUST04211,31,130328,38069,580,36,Yes
CUST04212,25,128304,90687,765,48,Yes
CUST04213,47,124637,45274,680,72,No
CUST04214,32,166348,79237,636,60,No
CUST04215,37,72639,77498,637,48,No
CUST04216,26,139939,43197,721,60,No
CUST04217,53,25310,53634,775,36,No
CUST04218,25,120944,35041,638,48,No
CUST04219,48,159463,12248,762,36,No
CUST04220,34,140013,90365,668,36,No
CUST04221,25,159964,7203,718,60,No
CUST04222,53,94733,56986,547,12,Yes
CUST04223,61,127264,30370,560,36,No
CUST04224,39,97071,40247,742,36,No
CUST04225,42,140611,80922,701,24,No
CUST04226,25,88658,5434,710,60,No
CUST04227,22,27852,67982,599,48,No
CUST04228,50,23387,70180,648,24,Yes
CUST04229,59,145571,39474,555,36,No
CUST04230,24,115295,29644,616,36,No
CUST04231,53,148381,43493,678,24,No
CUST04232,33,57994,88824,705,60,No
CUST04233,40,134912,8959,627,36,No
CUST04234,27,149632,52289,721,60,No
CUST04235,35,142210,16143,677,24,No
CUST04236,43,74565,44593,663,36,No
CUST04237,34,19312,44115,686,24,No
CUST04238,43,167277,27540,837,24,No
CUST04239,39,143882,40481,668,60,No
CUST04240,49,160667,82097,751,24,No
CUST04241,40,105566,27578,721,24,No
CUST04242,49,39329,17787,661,60,Yes
CUST04243,44,86187,77048,564,48,Yes
CUST04244,38,93542,57879,633,24,No
CUST04245,30,126237,15596,686,72,No
CUST04246,61,132476,65669,672,24,No
CUST04247,28,53645,24930,777,60,No
CUST04248,46,105502,52950,625,12,Yes
CUST04249,49,105310,23687,669,48,No
CUST04250,30,87619,57833,720,48,No
CUST04251,37,51513,40989,659,24,No
CUST04252,22,26749,35183,753,48,No
CUST04253,26,179855,25758,598,48,No
CUST04254,25,78645,6082,566,60,No
CUST04255,48,71175,50891,659,60,Yes
CUST04256,61,166395,50810,675,36,Yes
CUST04257,25,68762,51901,696,36,No
CUST04258,38,82222,88512,690,48,No
CUST04259,46,30213,76062,649,48,No
CUST04260,40,115367,26563,567,36,No
CUST04261,61,176785,77008,671,36,No
CUST04262,47,125157,7775,602,48,No
CUST04263,32,50583,20828,685,72,No
CUST04264,27,146792,22974,597,48,No
CUST04265,23,97944,27388,708,24,No
CUST04266,30,40369,85591,805,48,No
CUST04267,54,133844,23615,626,60,No
CUST04268,45,37510,42886,585,60,No
CUST04269,55,30120,27838,766,60,No
CUST04270,36,117847,45728,813,60,No
CUST04271,22,116575,83000,587,36,No
CUST04272,44,147269,57798,673,36,No
CUST04273,30,23295,77776,717,60,No
CUST04274,58,38460,75478,660,36,Yes
CUST04275,42,32963,24622,549,36,Yes
CUST04276,46,95116,18536,577,60,No
CUST04277,63,45328,72136,585,60,No
CUST04278,59,102629,10700,602,72,Yes
CUST04279,47,142034,43839,687,72,No
CUST04280,49,39605,15248,762,36,No
CUST04281,58,128901,50291,578,60,No
CUST04282,40,126241,87629,621,24,No
CUST04283,47,65598,89891,597,48,No
CUST04284,61,90258,22177,702,24,No
CUST04285,40,58969,24483,618,36,No
CUST04286,64,80784,48815,604,60,Yes
CUST04287,39,165000,43533,560,36,No
CUST04288,40,39274,5026,782,48,No
CUST04289,55,147994,65611,844,24,No
CUST04290,22,52416,92242,686,24,No
CUST04291,50,118434,29660,791,36,No
CUST04292,54,178119,60103,637,48,No
CUST04293,42,69310,57253,680,36,No
CUST04294,23,98758,47082,729,36,No
CUST04295,26,161435,21258,624,48,No
CUST04296,35,48628,94690,668,24,Yes
CUST04297,47,87672,20389,659,36,No
CUST04298,30,64246,96860,713,60,No
CUST04299,29,160233,32685,685,36,Yes
CUST04300,53,107110,64220,625,36,No
CUST04301,52,20810,32195,657,60,No
CUST04302,26,89688,26797,764,60,No
CUST04303,61,83548,76310,721,60,No
CUST04304,56,29162,71332,715,72,No
CUST04305,22,105858,98925,849,12,No
CUST04306,49,91535,67907,595,72,No
CUST04307,24,156291,12188,733,72,No
CUST04308,21,88864,28696,684,60,No
CUST04309,39,152693,7024,706,36,No
CUST04310,46,136371,78202,694,60,No
CUST04311,45,107792,40985,627,24,No
CUST04312,30,84188,11584,602,60,No
CUST04313,35,99718,95998,680,24,No
CUST04314,42,54558,32044,621,60,No
CUST04315,41,146938,10285,652,48,No
CUST04316,42,164731,68115,740,24,No
CUST04317,56,52413,12370,588,60,No
CUST04318,54,28435,22903,666,48,No
CUST04319,50,46067,37499,759,48,No
CUST04320,45,105794,27995,642,36,No
CUST04321,65,111823,40200,790,60,No
CUST04322,48,87224,93377,564,48,Yes
CUST04323,21,19379,75402,816,36,No
CUST04324,65,120547,18566,681,48,No
CUST04325,24,126541,42822,580,48,No
CUST04326,27,176696,56222,742,48,No
CUST04327,29,132634,99088,712,36,No
CUST04328,56,146701,95450,784,36,No
CUST04329,39,75745,55668,565,48,No
CUST04330,21,121915,68853,598,60,No
CUST04331,30,161588,59643,738,60,No
CUST04332,56,147560,27333,850,36,No
CUST04333,29,173915,20958,723,36,No
CUST04334,65,154984,57442,735,36,Yes
CUST04335,62,170586,25954,623,60,Yes
CUST04336,52,177869,80174,666,12,Yes
CUST04337,52,155521,14675,634,48,No
CUST04338,26,150797,94590,718,36,No
CUST04339,58,99406,36661,750,24,No
CUST04340,37,27304,69289,694,12,No
CUST04341,30,143555,22184,740,60,No
CUST04342,47,162735,52963,678,60,No
CUST04343,55,88320,30822,779,12,No
CUST04344,41,112488,67303,615,36,No
CUST04345,45,93591,81465,786,24,No
CUST04346,48,113044,10267,626,60,Yes
CUST04347,35,161748,57647,681,48,No
CUST04348,24,43192,67814,590,36,Yes
CUST04349,49,173794,41025,718,24,No
CUST04350,29,156518,82605,690,60,No
CUST04351,47,137304,5981,735,48,No
CUST04352,46,153797,48436,550,12,Yes
CUST04353,39,106207,23472,690,48,Yes
CUST04354,48,91741,24336,710,60,No
CUST04355,37,34365,30587,606,48,Yes
CUST04356,63,83792,82192,720,36,Yes
CUST04357,61,164776,97862,508,48,No
CUST04358,62,68575,89046,670,48,Yes
CUST04359,40,178974,58013,786,48,No
CUST04360,65,137641,89511,670,72,No
CUST04361,60,150267,14665,626,24,No
CUST04362,59,71517,32097,675,48,No
CUST04363,43,52012,96277,687,24,No
CUST04364,52,160487,57474,747,24,Yes
CUST04365,53,39686,76973,690,48,No
CUST04366,25,177815,30185,737,60,No
CUST04367,63,50161,80911,687,24,No
CUST04368,54,20402,97643,624,72,No
CUST04369,60,81190,35484,575,36,No
CUST04370,31,31275,50610,708,36,No
CUST04371,23,177254,55807,495,24,Yes
CUST04372,53,32915,55907,548,48,No
CUST04373,31,18909,62389,575,48,No
CUST04374,36,132110,30835,734,36,No
CUST04375,38,83908,58790,568,36,Yes
CUST04376,50,145337,81960,715,48,No
CUST04377,30,40620,14643,603,48,Yes
CUST04378,38,52112,80846,669,36,No
CUST04379,58,20431,23951,675,60,No
CUST04380,39,104590,97104,668,48,No
CUST04381,56,80175,20233,632,24,No
CUST04382,33,135472,18200,563,36,No
CUST04383,23,50624,57275,682,60,No
CUST04384,30,79264,92084,722,24,No
CUST04385,58,131766,81068,731,60,No
CUST04386,21,150767,94001,686,36,No
CUST04387,47,118211,26291,699,48,No
CUST04388,28,137502,47448,622,36,No
CUST04389,62,62225,35580,714,72,No
CUST04390,37,150475,96685,711,60,No
CUST04391,29,28839,26346,658,60,Yes
CUST04392,26,158302,15619,684,24,Yes
CUST04393,63,69977,6766,678,60,No
CUST04394,45,131050,8549,714,48,No
CUST04395,59,43651,23693,564,48,No
CUST04396,48,115919,67019,563,24,No
CUST04397,53,57963,53328,567,48,Yes
CUST04398,57,135776,82701,647,60,Yes
CUST04399,29,97198,94100,714,36,Yes
CUST04400,38,162811,30301,512,36,No
CUST04401,41,148697,49763,687,24,Yes
CUST04402,22,81294,25765,770,36,No
CUST04403,63,19789,49787,700,48,No
CUST04404,58,168492,12425,529,60,No
CUST04405,60,107297,17857,719,36,Yes
CUST04406,56,136341,57771,698,48,No
CUST04407,63,62135,97999,654,36,Yes
CUST04408,57,55067,27444,694,36,No
CUST04409,35,35357,46457,575,36,No
CUST04410,48,56262,84741,684,24,No
CUST04411,38,76643,5704,716,48,No
CUST04412,54,170606,10452,628,24,Yes
CUST04413,42,109270,43862,645,60,No
CUST04414,31,156761,66471,637,24,No
CUST04415,33,87103,74217,644,72,No
CUST04416,24,104268,91058,618,60,Yes
CUST04417,42,104310,23300,622,36,No
CUST04418,27,55412,14566,719,36,Yes
CUST04419,63,65734,12501,549,36,No
CUST04420,44,105793,6845,694,60,No
CUST04421,24,40228,44181,719,36,No
CUST04422,48,138627,62263,579,60,No
CUST04423,35,95924,83766,674,12,No
CUST04424,21,29319,68038,611,24,No
CUST04425,23,24475,88290,765,36,Yes
CUST04426,34,163800,39404,665,24,Yes
CUST04427,58,47545,27564,790,48,No
CUST04428,21,114636,62435,779,12,No
CUST04429,58,48615,23227,703,60,No
CUST04430,58,31746,95296,841,60,No
CUST04431,41,171817,52475,562,24,No
CUST04432,49,19245,22215,788,36,No
CUST04433,25,135408,76074,660,36,No
CUST04434,30,130143,26699,670,48,No
CUST04435,48,173925,17454,645,36,No
CUST04436,41,45632,53217,571,12,No
CUST04437,27,30856,26711,723,36,No
CUST04438,23,86049,20059,587,36,No
CUST04439,65,76182,53398,636,72,No
CUST04440,40,151873,6286,639,60,No
CUST04441,39,73654,39297,755,24,No
CUST04442,55,73381,31485,674,48,No
CUST04443,24,76601,64967,497,60,Yes
CUST04444,25,164154,59583,613,12,No
CUST04445,21,163720,56630,563,48,No
CUST04446,24,18364,32086,718,36,No
CUST04447,32,25436,21484,591,48,No
CUST04448,47,104713,73623,635,48,Yes
CUST04449,62,175826,64263,811,72,No
CUST04450,43,78194,23675,728,36,No
CUST04451,45,42544,65664,593,60,Yes
CUST04452,41,81295,29680,742,36,No
CUST04453,44,161710,22077,626,36,No
CUST04454,45,87409,43174,742,72,No
CUST04455,65,144839,81968,649,60,Yes
CUST04456,52,131759,8491,608,36,No
CUST04457,52,35157,51126,601,48,Yes
CUST04458,25,83888,8392,702,12,No
CUST04459,56,82947,67257,748,36,Yes
CUST04460,62,88880,72804,708,48,No
CUST04461,62,22507,43400,648,48,No
CUST04462,59,121134,41551,545,36,No
CUST04463,36,61988,33088,632,48,Yes
CUST04464,53,116421,85015,586,36,No
CUST04465,41,165937,30465,783,12,No
CUST04466,29,120591,53155,650,36,Yes
CUST04467,26,147614,92893,703,60,No
CUST04468,65,45213,10969,654,60,No
CUST04469,55,75450,13981,712,36,No
CUST04470,59,153549,26032,734,12,No
CUST04471,42,80222,59091,850,48,No
CUST04472,61,155605,29408,646,60,No
CUST04473,25,172468,29241,758,36,No
CUST04474,62,30755,52940,701,36,Yes
CUST04475,43,149937,87938,637,72,No
CUST04476,37,160245,56105,642,48,No
CUST04477,32,51371,96302,715,36,No
CUST04478,43,160326,66050,658,48,No
CUST04479,36,153090,8657,688,24,No
CUST04480,23,23192,26230,730,24,Yes
CUST04481,50,20015,23680,850,60,No
CUST04482,42,126154,87694,682,36,No
CUST04483,29,46343,89731,595,36,No
CUST04484,49,87306,47340,710,48,No
CUST04485,57,23829,40950,644,60,Yes
CUST04486,43,52381,83515,822,60,Yes
CUST04487,33,129451,12867,643,12,No
CUST04488,52,36263,85691,681,48,No
CUST04489,43,76418,83542,727,36,Yes
CUST04490,65,18148,9329,717,36,No
CUST04491,37,150826,93087,784,48,Yes
CUST04492,60,44745,40865,730,24,Yes
CUST04493,41,90914,71940,850,72,No
CUST04494,22,169212,42869,714,48,No
CUST04495,57,78653,71905,777,36,No
CUST04496,26,96315,88984,645,48,Yes
CUST04497,64,49075,94711,828,24,Yes
CUST04498,38,179769,71252,654,48,No
CUST04499,50,27795,84386,791,12,No
CUST04500,42,82555,6711,747,36,No
CUST04501,53,121107,30801,685,60,Yes
CUST04502,50,69529,92287,792,60,No
CUST04503,37,160744,95709,679,36,Yes
CUST04504,63,29009,58270,783,48,No
CUST04505,52,168616,76622,708,36,No
CUST04506,62,47381,60535,652,36,No
CUST04507,34,145769,81759,704,24,No
CUST04508,30,174359,21220,683,48,No
CUST04509,56,82610,18392,647,36,No
CUST04510,54,86122,90587,697,60,Yes
CUST04511,29,86184,7246,710,36,No
CUST04512,62,105228,25010,496,60,Yes
CUST04513,48,90943,73358,718,36,No
CUST04514,31,98770,95203,736,60,No
CUST04515,34,70726,22234,789,24,No
CUST04516,59,171283,54451,587,60,Yes
CUST04517,39,178552,80205,604,36,No
CUST04518,35,65780,26784,696,36,No
CUST04519,48,60503,34672,627,24,No
CUST04520,44,75893,6082,591,12,No
CUST04521,28,79358,16148,649,48,No
CUST04522,63,98857,32494,653,48,Yes
CUST04523,29,138457,80093,604,48,No
CUST04524,53,171189,56952,603,36,No
CUST04525,53,135928,41719,671,36,No
CUST04526,39,76706,53737,571,60,Yes
CUST04527,23,158548,64453,570,60,No
CUST04528,30,100806,44536,685,36,Yes
CUST04529,60,73006,55604,793,48,No
CUST04530,62,105238,55833,735,60,No
CUST04531,21,63798,19039,772,60,No
CUST04532,49,95271,72839,545,12,No
CUST04533,54,48177,52931,574,60,No
CUST04534,33,146022,44925,681,36,No
CUST04535,21,148156,56003,743,48,No
CUST04536,54,100215,88817,728,36,Yes
CUST04537,49,61013,53897,579,48,No
CUST04538,33,100600,92745,765,48,No
CUST04539,49,114099,98709,674,36,No
CUST04540,59,71450,47287,738,36,No
CUST04541,44,140640,95726,635,48,No
CUST04542,46,110403,38012,564,36,Yes
CUST04543,37,117290,46783,743,12,No
CUST04544,27,149832,90727,715,12,No
CUST04545,33,42142,73315,587,48,Yes
CUST04546,25,128189,88766,630,60,No
CUST04547,46,125532,51491,731,60,No
CUST04548,23,166362,93941,695,36,Yes
CUST04549,27,149436,63584,718,36,Yes
CUST04550,59,74921,17803,641,36,No
CUST04551,21,37797,54625,787,72,No
CUST04552,37,50535,98361,672,36,Yes
CUST04553,63,64300,18698,502,36,No
CUST04554,45,65176,39560,688,48,No
CUST04555,23,34105,20376,725,60,No
CUST04556,35,157011,88654,702,12,No
CUST04557,49,97472,18117,648,36,No
CUST04558,63,164935,61381,533,48,No
CUST04559,52,96097,42956,631,48,No
CUST04560,46,159519,53786,638,12,No
CUST04561,36,114160,92778,631,48,Yes
CUST04562,45,64940,71480,726,36,No
CUST04563,48,103001,36695,655,60,No
CUST04564,29,168714,6511,784,24,No
CUST04565,21,25928,58233,663,24,No
CUST04566,49,66002,27502,771,60,No
CUST04567,42,102853,55010,696,48,No
CUST04568,36,132614,95341,700,60,No
CUST04569,61,135517,97529,629,60,No
CUST04570,64,174089,78905,579,24,No
CUST04571,61,97064,51489,675,36,Yes
CUST04572,27,137694,88533,807,36,Yes
CUST04573,34,162385,86165,646,60,Yes
CUST04574,49,150631,36949,634,36,Yes
CUST04575,39,68893,73376,667,24,No
CUST04576,39,33167,84587,813,36,No
CUST04577,22,56598,98059,739,60,Yes
CUST04578,61,156595,72310,771,60,No
CUST04579,65,67777,83798,531,60,No
CUST04580,35,177511,74407,618,36,No
CUST04581,23,134378,78809,621,48,No
CUST04582,31,99060,22229,765,36,No
CUST04583,50,31285,32385,729,24,Yes
CUST04584,60,160045,47176,759,12,No
CUST04585,38,140970,99825,539,24,No
CUST04586,22,40694,8260,763,48,No
CUST04587,52,153374,8145,729,60,No
CUST04588,28,171463,12802,611,24,No
CUST04589,42,22611,7263,665,60,Yes
CUST04590,26,27372,31913,613,36,No
CUST04591,32,173384,62788,673,36,No
CUST04592,60,163152,13155,714,36,No
CUST04593,56,98618,5922,785,36,No
CUST04594,35,130945,77231,610,36,Yes
CUST04595,48,126397,25672,645,48,No
CUST04596,65,114213,43526,597,60,No
CUST04597,38,38874,50344,737,60,No
CUST04598,22,150669,24014,562,36,Yes
CUST04599,33,29600,78352,693,60,No
CUST04600,65,152819,96279,588,48,Yes
CUST04601,35,97415,45324,683,72,No
CUST04602,40,173887,99075,767,36,No
CUST04603,49,112348,43698,642,72,Yes
CUST04604,62,123736,82169,697,60,Yes
CUST04605,49,42714,28384,613,60,Yes
CUST04606,23,167962,8512,672,12,No
CUST04607,39,153797,11066,563,36,Yes
CUST04608,23,169756,36500,733,36,No
CUST04609,34,129573,83743,649,12,Yes
CUST04610,60,31092,90642,664,36,No
CUST04611,24,113918,84858,685,72,No
CUST04612,31,43457,59800,532,36,No
CUST04613,51,89667,68140,628,24,No
CUST04614,63,108751,89954,690,36,Yes
CUST04615,52,80894,7387,668,12,No
CUST04616,47,79305,61160,843,36,No
CUST04617,50,161684,64241,774,48,No
CUST04618,63,70137,78567,690,36,No
CUST04619,22,18559,6799,603,60,No
CUST04620,29,84249,40548,643,24,No
CUST04621,48,55361,38895,729,60,No
CUST04622,51,98720,95450,686,72,Yes
CUST04623,54,33261,85171,776,12,No
CUST04624,35,38372,45379,685,60,No
CUST04625,45,73355,50414,689,36,No
CUST04626,56,116560,78071,802,36,No
CUST04627,28,18037,73344,598,36,No
CUST04628,29,59420,83591,810,36,Yes
CUST04629,57,115243,98141,738,72,No
CUST04630,65,147380,97201,850,24,No
CUST04631,59,52600,9297,627,24,No
CUST04632,52,107520,91479,802,36,No
CUST04633,37,23167,10008,690,48,Yes
CUST04634,55,18432,91813,666,60,Yes
CUST04635,57,87687,21820,703,48,No
CUST04636,39,89947,76548,689,36,No
CUST04637,64,114324,27253,622,36,No
CUST04638,49,68903,34202,670,36,No
CUST04639,27,83792,34236,703,12,No
CUST04640,48,51439,72156,648,36,No
CUST04641,29,69248,65263,721,24,No
CUST04642,48,52743,79855,658,60,No
CUST04643,26,97803,21575,714,48,No
CUST04644,49,93117,17204,705,60,No
CUST04645,37,40076,16952,714,72,No
CUST04646,36,105483,88323,579,60,No
CUST04647,43,152035,56142,762,24,No
CUST04648,51,137217,38872,615,60,No
CUST04649,23,162938,34376,666,60,Yes
CUST04650,41,122504,71084,632,60,Yes
CUST04651,46,123649,16640,685,24,No
CUST04652,56,144244,31437,672,24,No
CUST04653,62,50813,92681,729,72,No
CUST04654,57,84729,12903,683,24,No
CUST04655,42,22512,88704,651,24,Yes
CUST04656,62,171738,31863,545,36,No
CUST04657,32,165702,48381,746,60,No
CUST04658,62,135907,33548,719,36,No
CUST04659,33,149708,54956,749,60,No
CUST04660,31,152847,79526,666,36,Yes
CUST04661,36,82591,16467,707,24,No
CUST04662,28,29351,62954,631,36,No
CUST04663,60,133400,28901,624,48,No
CUST04664,60,138533,60983,659,36,No
CUST04665,65,121627,28301,749,36,No
CUST04666,22,146381,90180,659,24,No
CUST04667,50,113707,74903,676,36,No
CUST04668,50,99678,21204,698,48,No
CUST04669,32,91309,24755,682,36,No
CUST04670,30,28778,64817,756,12,No
CUST04671,64,161573,7093,624,24,No
CUST04672,31,130713,74537,687,36,No
CUST04673,35,151180,27940,716,60,No
CUST04674,36,54382,78346,557,36,Yes
CUST04675,37,93787,49040,700,12,No
CUST04676,46,41341,42322,781,36,No
CUST04677,22,163439,96544,654,48,No
CUST04678,32,137967,89437,599,48,Yes
CUST04679,46,149066,97969,715,36,No
CUST04680,43,161074,92725,693,48,No
CUST04681,38,103820,99266,794,48,No
CUST04682,52,77949,14236,713,24,Yes
CUST04683,58,164772,77597,609,24,Yes
CUST04684,23,80543,89124,606,48,Yes
CUST04685,58,178390,8902,744,48,No
CUST04686,23,45610,39364,707,72,No
CUST04687,50,83226,99410,676,36,No
CUST04688,21,63167,25096,693,60,No
CUST04689,50,177011,17020,713,24,No
CUST04690,65,85381,63473,708,60,No
CUST04691,52,64710,49153,567,48,No
CUST04692,48,34766,46277,771,48,No
CUST04693,41,120416,92221,776,24,No
CUST04694,33,30780,43502,816,12,No
CUST04695,47,66458,20675,799,48,No
CUST04696,56,74221,29365,787,24,Yes
CUST04697,27,19509,92812,659,24,No
CUST04698,42,107493,83229,703,24,No
CUST04699,30,134850,94049,768,24,No
CUST04700,59,175220,57148,545,48,No
CUST04701,35,49533,94157,664,36,Yes
CUST04702,35,126144,94247,552,36,No
CUST04703,24,140402,98321,701,36,No
CUST04704,52,96467,73078,775,60,No
CUST04705,43,19359,87598,681,60,Yes
CUST04706,26,137119,75902,637,36,No
CUST04707,44,38344,31465,701,48,No
CUST04708,40,136499,37286,711,36,No
CUST04709,57,87778,59795,716,36,No
CUST04710,40,38601,45178,589,60,No
CUST04711,32,168188,84183,698,36,No
CUST04712,53,119013,54986,694,36,No
CUST04713,48,48782,48201,751,48,Yes
CUST04714,28,129095,48315,674,60,Yes
CUST04715,21,115123,80396,828,60,No
CUST04716,57,62458,60178,686,60,No
CUST04717,42,142225,15745,644,36,No
CUST04718,26,157152,77354,605,36,Yes
CUST04719,41,162980,84637,641,60,Yes
CUST04720,52,114188,10028,620,24,No
CUST04721,55,139292,53566,668,48,No
CUST04722,35,108570,48722,807,36,No
CUST04723,25,141791,91623,571,36,No
CUST04724,26,143291,79974,576,36,No
CUST04725,45,116375,88692,662,60,No
CUST04726,60,56314,89084,578,24,No
CUST04727,49,126880,44879,606,60,No
CUST04728,27,118326,29767,705,60,No
CUST04729,60,164903,73099,676,60,No
CUST04730,33,139026,53657,713,36,No
CUST04731,58,169197,13498,724,36,Yes
CUST04732,38,80451,78667,781,72,Yes
CUST04733,22,63708,30107,708,36,Yes
CUST04734,28,35682,33793,770,36,No
CUST04735,31,120406,7696,688,36,No
CUST04736,53,77372,58839,709,12,No
CUST04737,58,57477,94241,708,36,No
CUST04738,47,151692,28397,701,48,No
CUST04739,40,71024,12704,695,48,No
CUST04740,32,158749,21442,817,12,No
CUST04741,63,173146,68788,732,60,No
CUST04742,51,35824,14765,646,36,No
CUST04743,47,149837,15002,850,36,No
CUST04744,52,115151,16390,652,72,No
CUST04745,30,66926,49436,680,36,No
CUST04746,23,30975,89482,618,60,No
CUST04747,65,92877,11641,734,48,No
CUST04748,47,95870,38709,807,48,No
CUST04749,55,99371,44309,568,36,No
CUST04750,51,175620,20624,659,36,No
CUST04751,35,118970,14966,764,48,No
CUST04752,36,116066,94350,601,36,No
CUST04753,33,79562,39189,723,24,No
CUST04754,55,58409,76301,582,60,No
CUST04755,31,27834,22223,711,36,Yes
CUST04756,41,120192,83183,686,60,Yes
CUST04757,31,18840,9959,850,36,No
CUST04758,50,49568,32257,736,48,No
CUST04759,55,28846,55802,517,72,No
CUST04760,42,154971,92748,674,72,Yes
CUST04761,58,104038,32215,742,36,No
CUST04762,51,147789,60046,649,60,Yes
CUST04763,34,125460,99593,646,36,Yes
CUST04764,44,92723,39094,649,12,No
CUST04765,52,122194,43669,721,48,No
CUST04766,56,129417,41126,586,72,No
CUST04767,52,153383,84036,638,72,No
CUST04768,35,74888,21772,757,24,No
CUST04769,63,59616,53586,643,60,No
CUST04770,55,24083,56943,639,60,No
CUST04771,23,161670,73868,577,36,Yes
CUST04772,36,100476,54855,728,48,No
CUST04773,25,110416,27218,712,36,Yes
CUST04774,41,20580,86008,753,24,Yes
CUST04775,30,140834,62205,672,60,No
CUST04776,39,130148,9959,704,36,Yes
CUST04777,45,60321,87979,703,36,No
CUST04778,24,27386,50134,573,24,No
CUST04779,49,71171,30874,850,48,No
CUST04780,39,168594,6301,753,36,No
CUST04781,63,163707,63017,686,36,No
CUST04782,22,149743,48319,663,48,No
CUST04783,30,51545,94616,779,24,No
CUST04784,63,44855,91219,687,60,Yes
CUST04785,45,53790,27455,749,36,Yes
CUST04786,40,69012,9112,637,36,No
CUST04787,39,135827,62033,614,24,No
CUST04788,43,32260,63360,668,24,Yes
CUST04789,44,19074,87418,681,60,Yes
CUST04790,31,158547,37145,712,36,No
CUST04791,54,164192,37735,790,48,No
CUST04792,48,172219,77781,763,24,No
CUST04793,25,19986,72641,779,48,No
CUST04794,25,73479,26711,625,60,No
CUST04795,41,148833,10630,658,36,Yes
CUST04796,32,20176,70488,753,48,No
CUST04797,24,102258,8206,771,60,No
CUST04798,62,133188,61289,736,48,No
CUST04799,40,102153,23953,638,12,No
CUST04800,58,176187,15068,602,36,No
CUST04801,45,95442,83930,697,24,Yes
CUST04802,34,58002,60916,613,60,Yes
CUST04803,31,75124,6067,715,48,Yes
CUST04804,52,155682,55658,774,72,No
CUST04805,31,67752,57165,694,12,Yes
CUST04806,38,96947,85781,582,36,Yes
CUST04807,47,136972,14859,642,24,Yes
CUST04808,38,92716,34164,745,36,No
CUST04809,43,28073,85913,716,24,No
CUST04810,31,55251,25773,722,36,No
CUST04811,41,114496,62295,813,60,Yes
CUST04812,64,56897,38939,706,24,No
CUST04813,25,69616,53599,704,36,No
CUST04814,43,22482,11114,744,60,No
CUST04815,61,125990,17818,592,72,No
CUST04816,45,61284,14335,647,36,No
CUST04817,61,90932,60008,625,60,Yes
CUST04818,30,25338,76745,729,36,Yes
CUST04819,42,161572,48148,611,36,No
CUST04820,39,160617,8577,722,60,No
CUST04821,21,79480,78916,664,60,No
CUST04822,27,154313,9076,653,60,No
CUST04823,24,171893,37925,748,60,No
CUST04824,21,22695,56869,580,36,Yes
CUST04825,35,32318,64314,643,48,Yes
CUST04826,60,68934,46205,850,36,No
CUST04827,32,171403,16095,819,36,No
CUST04828,42,139282,89715,544,24,No
CUST04829,42,109891,61680,642,36,No
CUST04830,37,86754,33400,685,60,No
CUST04831,49,103677,89297,574,60,Yes
CUST04832,34,120320,72346,831,48,No
CUST04833,40,151909,92110,682,36,No
CUST04834,53,143261,33562,666,48,No
CUST04835,63,123338,45663,709,48,No
CUST04836,35,58077,23510,707,72,Yes
CUST04837,32,97915,66608,616,24,No
CUST04838,60,153311,77489,779,36,No
CUST04839,40,47669,57182,692,60,Yes
CUST04840,50,66624,92667,778,60,No
CUST04841,58,93147,31883,637,36,No
CUST04842,23,153222,76427,545,24,No
CUST04843,48,160181,40844,788,60,No
CUST04844,46,175088,23728,736,48,No
CUST04845,50,161008,16094,768,60,No
CUST04846,33,160108,7407,772,36,No
CUST04847,33,163093,60412,681,24,No
CUST04848,22,54943,17644,652,12,No
CUST04849,57,131694,90834,673,48,Yes
CUST04850,58,172316,65746,721,24,No
CUST04851,22,141351,57748,701,24,No
CUST04852,56,56985,64021,543,36,Yes
CUST04853,46,150574,67651,671,36,Yes
CUST04854,31,71836,41807,786,36,No
CUST04855,28,117714,39072,680,24,No
CUST04856,64,21770,43398,847,60,No
CUST04857,60,60865,33669,608,24,No
CUST04858,63,71811,35161,706,36,Yes
CUST04859,42,22001,12282,606,36,No
CUST04860,40,78848,31539,616,60,No
CUST04861,28,70635,8307,617,36,No
CUST04862,49,38946,22745,846,24,No
CUST04863,60,113852,44433,661,12,No
CUST04864,46,109103,39555,627,48,No
CUST04865,50,61744,6073,680,48,No
CUST04866,37,135729,37683,663,36,No
CUST04867,40,41671,30741,741,24,No
CUST04868,36,165522,27286,527,36,No
CUST04869,63,163980,8599,608,48,No
CUST04870,27,75813,32293,743,48,No
CUST04871,36,114748,20389,643,12,Yes
CUST04872,65,155878,17318,623,48,No
CUST04873,47,122733,53875,620,36,Yes
CUST04874,43,144865,8055,734,48,No
CUST04875,44,101551,87579,731,48,Yes
CUST04876,29,147335,11320,752,60,No
CUST04877,55,57220,9642,593,36,Yes
CUST04878,40,35158,97694,588,48,No
CUST04879,57,98992,14321,765,36,No
CUST04880,62,176660,84968,695,36,Yes
CUST04881,37,80576,93293,635,12,Yes
CUST04882,51,106027,64618,668,36,No
CUST04883,28,173260,31044,587,12,No
CUST04884,35,76830,26971,640,72,Yes
CUST04885,51,153091,30727,692,48,No
CUST04886,50,30419,27559,707,24,No
CUST04887,40,51697,78820,673,24,No
CUST04888,59,102932,88201,666,36,No
CUST04889,32,137712,32476,735,36,No
CUST04890,37,113428,67683,672,36,No
CUST04891,62,157045,15991,646,36,Yes
CUST04892,50,104649,90097,623,60,No
CUST04893,49,140649,75047,547,48,Yes
CUST04894,39,29136,15796,729,36,No
CUST04895,31,102739,8881,790,60,No
CUST04896,54,80502,20668,618,12,No
CUST04897,27,41039,39312,585,24,Yes
CUST04898,64,84720,33106,633,36,Yes
CUST04899,54,141168,97758,702,48,No
CUST04900,40,106263,20729,642,36,No
CUST04901,58,77155,75320,641,24,Yes
CUST04902,44,34911,59913,674,60,Yes
CUST04903,30,18916,62026,688,36,No
CUST04904,52,77052,64402,708,60,Yes
CUST04905,35,35790,42282,658,60,No
CUST04906,57,154278,79638,657,36,No
CUST04907,40,139937,43218,536,60,No
CUST04908,23,103053,22950,750,48,Yes
CUST04909,57,67950,64739,699,60,No
CUST04910,60,134211,9507,793,36,No
CUST04911,28,74361,51303,718,60,Yes
CUST04912,60,79451,84059,674,12,No
CUST04913,64,55696,29667,569,60,Yes
CUST04914,43,120395,8992,557,36,No
CUST04915,60,142121,78563,759,24,No
CUST04916,31,64728,92680,722,12,No
CUST04917,28,73401,30530,790,36,No
CUST04918,49,43103,20305,750,36,No
CUST04919,50,68044,57129,652,24,Yes
CUST04920,30,75730,92267,507,24,No
CUST04921,59,43825,91209,725,36,Yes
CUST04922,48,55271,57044,604,36,Yes
CUST04923,56,95256,96378,666,36,No
CUST04924,33,84433,94363,711,60,Yes
CUST04925,52,119999,63817,633,48,No
CUST04926,56,41572,51666,618,12,Yes
CUST04927,57,56546,31173,657,36,No
CUST04928,46,164222,23909,527,60,No
CUST04929,42,72165,68967,602,12,Yes
CUST04930,24,81690,36007,601,36,Yes
CUST04931,51,54948,17985,662,36,No
CUST04932,38,45007,27525,609,72,No
CUST04933,58,118819,42403,641,36,Yes
CUST04934,44,109207,42193,647,60,No
CUST04935,43,94772,8830,840,36,No
CUST04936,42,40024,61144,738,60,No
CUST04937,22,100912,5533,671,36,No
CUST04938,51,167229,25946,714,36,No
CUST04939,31,103481,28504,749,36,Yes
CUST04940,48,106553,60715,702,60,No
CUST04941,52,150828,33255,602,12,No
CUST04942,25,120488,61441,670,24,No
CUST04943,58,114741,41855,607,48,No
CUST04944,30,96210,46721,655,48,No
CUST04945,60,153607,46850,668,36,No
CUST04946,44,65367,39723,759,36,Yes
CUST04947,55,166190,40739,620,36,No
CUST04948,64,77884,10539,614,36,No
CUST04949,43,162352,78029,626,60,No
CUST04950,37,163818,69509,634,12,No
CUST04951,21,120572,26311,656,60,No
CUST04952,51,71251,74180,705,36,No
CUST04953,51,102821,90981,621,36,No
CUST04954,62,101583,40934,689,36,Yes
CUST04955,62,28207,14511,690,48,No
CUST04956,54,45757,5183,722,12,No
CUST04957,29,165298,14475,664,48,No
CUST04958,42,176278,89766,742,60,No
CUST04959,33,169328,68130,708,24,No
CUST04960,45,51822,64577,704,24,No
CUST04961,38,59340,31008,639,24,No
CUST04962,32,61351,81868,701,60,Yes
CUST04963,60,124311,52941,706,36,No
CUST04964,37,93320,47756,635,60,No
CUST04965,35,120565,75258,770,48,No
CUST04966,62,37937,85730,850,60,No
CUST04967,35,29219,97167,631,48,Yes
CUST04968,35,27399,32912,645,36,No
CUST04969,59,144733,87702,647,60,Yes
CUST04970,33,176729,55659,582,48,No
CUST04971,37,38047,51840,614,36,No
CUST04972,52,103693,86512,744,48,No
CUST04973,29,118931,43623,674,48,No
CUST04974,60,155852,68303,824,36,No
CUST04975,40,45050,51062,658,36,No
CUST04976,46,91551,61690,711,36,No
CUST04977,47,86666,82582,612,72,No
CUST04978,41,100016,28634,672,48,Yes
CUST04979,38,131135,9090,687,24,No
CUST04980,33,71010,50266,522,36,No
CUST04981,36,56165,35008,618,12,No
CUST04982,29,29528,92643,728,36,No
CUST04983,32,138840,63704,724,36,No
CUST04984,64,154986,67866,586,48,Yes
CUST04985,58,55136,13382,653,72,Yes
CUST04986,39,160251,52774,502,72,Yes
CUST04987,27,104008,79570,680,24,No
CUST04988,55,30076,79062,775,48,Yes
CUST04989,38,141911,94609,778,60,Yes
CUST04990,36,173855,51698,775,36,No
CUST04991,59,134625,6110,720,60,No
CUST04992,24,68298,86981,767,60,No
CUST04993,45,72304,5386,666,48,No
CUST04994,52,97360,63513,641,36,No
CUST04995,60,87835,89120,766,60,No
CUST04996,33,130424,52801,702,60,No
CUST04997,65,157190,76857,545,48,No
CUST04998,37,74911,94976,771,36,No
CUST04999,57,121088,36566,664,60,No
CUST05000,26,33185,37521,630,36,No
